:020000040800F2
:10000000000002203D100008910E0008990E000823
:10001000A10E0008A90E0008B10E000800000000A3
:10002000000000000000000000000000B90E000801
:10003000C50E000800000000D10E0008DD0E00080B
:100040008D1000088D1000088D1000088D1000081C
:100050008D1000088D1000088D1000088D1000080C
:100060008D1000088D1000088D1000088D100008FC
:100070008D1000088D1000088D1000088D100008EC
:100080008D1000088D1000088D1000088D100008DC
:10009000E90E00088D1000088D1000088D10000872
:1000A0008D1000088D1000088D1000088D100008BC
:1000B0008D1000088D1000088D1000088D100008AC
:1000C0008D1000088D1000088D1000088D1000089C
:1000D0008D1000088D1000088D1000088D1000088C
:1000E000FD0E00088D1000088D1000088D1000080E
:1000F0008D1000088D1000088D1000088D1000086C
:100100008D1000088D1000088D1000088D1000085B
:100110008D1000088D1000088D1000088D1000084B
:100120008D1000088D1000088D1000088D1000083B
:100130008D1000088D1000088D1000088D1000082B
:100140008D1000088D1000088D100008150F000894
:100150008D1000088D1000088D1000088D1000080B
:100160008D1000088D1000088D1000088D100008FB
:100170008D1000088D1000088D1000080000000090
:040180008D100008D6
:1001840010B5054C237833B9044B13B10448AFF3CD
:1001940000800123237010BDD8010020000000005E
:1001A400108F000808B5034B1BB103490348AFF394
:1001B400008008BD00000000DC010020108F000852
:1001C40053B94AB9002908BF00281CBF4FF0FF31BA
:1001D4004FF0FF3000F08CB9ADF1080C6DE904CE9E
:1001E40000F006F8DDF804E0DDE9022304B070470E
:1001F4002DE9F047089D8E4604468846002B4AD1D7
:100204008A42174662D9B2FA82F64EB1C6F1200389
:1002140001FA06F820FA03F3B74043EA0808B440A9
:100224004FEA174EB8FBFEF11FFA87FC0EFB11884C
:1002340001FB0CF2230C43EA08439A4209D9FB1848
:1002440001F1FF3080F0EB809A4240F2E8800239FD
:100254003B449A1AB2FBFEF00EFB102200FB0CFC8E
:10026400A3B243EA02439C4509D9FB1800F1FF32CB
:1002740080F0D7809C4540F2D4803B44023840EA69
:1002840001400021A3EB0C031DB10022F340C5E99A
:100294000032BDE8F0878B4205D90DB1C5E90001F4
:1002A40000210846F5E7B3FA83F1002946D17345E6
:1002B40002D3824200F20881841A6EEB0302012009
:1002C4009046002DE5D0C5E90048E2E7002A00F099
:1002D4009180B2FA82F6002E40F0A5808A1A01219C
:1002E400030C4FEA174E80B2BCB2B2FBFEFC0EFB0D
:1002F4001C2243EA024304FB0CF29A4207D9FB187E
:100304000CF1FF3802D29A4200F2E380C4469B1AF1
:10031400B3FBFEF20EFB123302FB04F440EA034388
:100324009C4207D9FB1802F1FF3002D29C4200F232
:10033400CD8002461B1B42EA0C40A5E7C1F1200612
:100344008B4022FA06F71F432EFA06FA4FEA1749A2
:10035400BAFBF9F80EFA01FE20FA06F309FB18AA13
:100364001FFA87FC43EA0E0300FA01FE08FB0CF0B7
:100374001C0C44EA0A44A04202FA01F20AD93C19CC
:1003840008F1FF3A80F09E80A04240F29B80A8F1E1
:1003940002083C44241A98B2B4FBF9F309FB134451
:1003A40003FB0CFC40EA0444A44509D93C1903F1BD
:1003B400FF3080F08580A44540F28280023B3C44BB
:1003C40043EA0840A4EB0C04A0FB028C64454346BA
:1003D400E14664D361D05DB1BEEB030264EB090472
:1003E40004FA06F622FA01F31E43CC40C5E9006480
:1003F40000214EE7B1FBF2FC010C41EA0E4180B250
:1004040040EA01423B46B1FBF7F138463C46B84668
:10041400BE462026A2EB080241EA0C4165E70146EC
:1004240017E710462BE7C6F120012EFA01FCB7406E
:100434000EFA06FE20FA01F141EA0E014FEA174EC8
:10044400BCFBFEF8BCB20EFB18CC08FB04F90A0C8A
:1004540042EA0C42B04091454FEA104380B23ED983
:10046400BA1808F1FF3C01D291451FD8A2EB09024A
:10047400B2FBFEF909FB04F80EFB192A8AB242EA20
:100484000A42424529D2BA1809F1FF31C2D2424583
:10049400C0D2A9F102013A44BCE7C6459BD2B8EBED
:1004A40002036CEB070C0138E14694E7A7EB09095A
:1004B4004A44B2FBFEF9A8F1020C09FB04F8DBE79D
:1004C40003467DE7D04665E70846FAE63B44023A30
:1004D40030E7ACF1020C3B4419E749469AE7A2EB3A
:1004E4000902B2FBFEF9C44609FB04F8C4E700BFE5
:1004F400704700BF80B586B000AFF860B9607A601D
:100504000023FB820BE0B9684B1CBB60642301220F
:10051400084803F0B9FFFB8A01339BB2FB82B7F9A9
:1005240016307A689A42EEDC7B6818461837BD4666
:1005340080BD00BFB8020020F0B589B006AF034605
:10054400FB80FB88B3F5006F4ED14FF40061514836
:1005540001F032FF0346002B40F097804E4B64229B
:100564001A704D4B28225A704B4BAA229A704A4B50
:10057400AA22DA70484BAA221A71474BAA225A714E
:10058400454BAA229A71444BAA22DA71434B424A40
:100594004349444801F02CF80346002B01D000F0F5
:1005A40023FB3D4B1B781D463B4B5B781E463A4B69
:1005B4009B789C46384BDB781A46374B1B79194697
:1005C400354B5B791846344B9B791C46324BDB79AF
:1005D40004930394029001910092634632462946A3
:1005E400314807F06DFE50E0FB88B3F5805F4CD1D5
:1005F4004FF48051274801F0DFFE0346002B44D11D
:10060400254B64221A70244B28225A70224B5522FF
:100614009A70214B5522DA701F4B55221A711E4BCA
:1006240055225A711C4B55229A711B4B5522DA7173
:100634001A4B194A1A491B4800F0DAFF0346002BEB
:1006440001D000F0D1FA144B1B781D46124B5B7895
:100654001E46114B9B789C460F4BDB781A460E4B7B
:100664001B7919460C4B5B7918460B4B9B791C463E
:10067400094BDB7904930394029001910092634641
:1006840032462946084807F01BFE00BF0C37BD461A
:10069400F0BD00BF001002403403002044030020DA
:1006A40000030020F4010020288F000880B582B0E8
:1006B40000AF78600A4B0B4A0021786801F067F8B4
:1006C4000346002B01D000F08FFA064B1B69082B60
:1006D40002D1054B01221A6000BF0837BD4680BD18
:1006E4003C0300201803002048030020F0B589B023
:1006F40006AF00F0CBFC00F07BF800F09BF900F0B3
:1007040045F900F06DF906F083FF00F011F900F0EF
:10071400B5F8304807F03CFE2F4800F025FF0346AB
:10072400002B01D000F060FA02212B4801F050F9AF
:100734000346002B01D000F057FA284B08221A6117
:10074400264B00229A60254B0022DA60234B40F2AC
:1007540046421A60224B1B68002BFBD0214B1B78AE
:100764001D46204B5B781E461E4B9B789C461D4BBA
:10077400DB781A461B4B1B7919461A4B5B791846D2
:10078400184B9B791C46174BDB7904930394029016
:1007940001910092634632462946134807F090FDC2
:1007A40000237B600CE04FF46041104801F033FEFD
:1007B4000C4B1B78184600F0D7FC7B6801337B6038
:1007C400084B5B781A467B689342ECDB044B0022AF
:1007D4001A60BFE7588F0008F401002000030020CE
:1007E400480300203C030020648F000800100240EE
:1007F40080B592B000AF07F11803302200211846EB
:1008040007F0A6FE3B1D00221A605A609A60DA6067
:100814001A610123BB610123FB6102233B634FF493
:1008240080037B631923BB63C023FB6302233B6404
:1008340004237B6407F11803184603F081F9034687
:10084400002B01D000F0D0F90F237B600223BB60A2
:100854000023FB604FF4A0533B614FF480537B6152
:100864003B1D0321184603F0BFFB0346002B01D0B8
:1008740000F0BAF900BF4837BD4680BD80B58AB0E4
:1008840000AF294B294A1A60274B04225A60264B91
:1008940000229A60244B0022DA60234B4FF4A022FA
:1008A4001A61214B4FF480125A611F4B00221A76B1
:1008B4001D4B00225A761C4B00229A761A4B0022BA
:1008C400DA76194B00221A77174B00225A7716480A
:1008D40000F06EFC0346002B01D000F085F90123E3
:1008E4003B6212237B6100233B6148F6C0033B60FB
:1008F40000237B6048F6C003BB600023FB60002339
:10090400BB610123FB6114237B623B461946064805
:1009140000F04AFD0346002B01D000F065F900BF4A
:100924002837BD4680BD00BFF401002000640040AC
:1009340080B500AF124B134A1A60114B124A5A6029
:100944000F4B00229A600E4B0022DA600C4B4FF4DE
:1009540080421A610A4B00225A61094B00229A61B3
:10096400074B0022DA61064B00221A62044801F0A8
:1009740083FD0346002B01D000F036F900BF80BD93
:100984001C02002000540040A086010080B500AF86
:10099400114B124A1A60104B4FF4E1325A600E4B5D
:1009A40000229A600C4B0022DA600B4B00221A6181
:1009B400094B0C225A61084B00229A61064B002213
:1009C400DA61054803F010FD0346002B01D000F066
:1009D4000BF900BF80BD00BF700200200010014071
:1009E40080B500AF114B124A1A60104B4FF4E1323C
:1009F4005A600E4B00229A600C4B0022DA600B4BBB
:100A040000221A61094B0C225A61084B00229A6198
:100A1400064B0022DA61054803F0E6FC0346002B8E
:100A240001D000F0E1F800BF80BD00BFB802002093
:100A34000048004080B58CB000AF07F11C030022D1
:100A44001A605A609A60DA601A610023BB61614BD4
:100A54001B6B604A43F0100313635E4B1B6B03F084
:100A64001003BB61BB6900237B615A4B1B6B594A62
:100A740043F080031363574B1B6B03F080037B61CC
:100A84007B6900233B61534B1B6B524A43F00403C5
:100A94001363504B1B6B03F004033B613B6900235E
:100AA400FB604C4B1B6B4B4A43F001031363494BF4
:100AB4001B6B03F00103FB60FB680023BB60454B29
:100AC4001B6B444A43F002031363424B1B6B03F05A
:100AD4000203BB60BB6800237B603E4B1B6B3D4A3B
:100AE40043F0080313633B4B1B6B03F008037B6069
:100AF4007B6801224FF46041374801F074FC042301
:100B0400FB6102233B6200237B620323BB620B2352
:100B1400FB6207F11C0319462F4801F0AFFA3E238C
:100B2400FB6102233B6200237B620323BB620B2332
:100B3400FB6207F11C031946284801F09FFA8B2336
:100B4400FB6102233B6200237B620323BB620B2312
:100B5400FB6207F11C031946214801F08FFA43F6A2
:100B64000343FB6102233B6200237B620323BB62DA
:100B74000B23FB6207F11C0319461A4801F07EFAA5
:100B84004FF4C053FB614FF404133B6200237B62B8
:100B940007F11C031946104801F070FA4FF4604342
:100BA400FB6101233B6200237B620023BB6207F1EC
:100BB4001C031946084801F061FA0022002128208C
:100BC40001F025FA282001F03EFA00BF3037BD4677
:100BD40080BD00BF003802400010024000080240FF
:100BE400000002400004024080B400AF72B600BFAF
:100BF40000BFFDE780B483B000AF00237B600F4BE0
:100C04005B6C0E4A43F4804353640C4B5B6C03F4FB
:100C140080437B607B6800233B60084B1B6C074A66
:100C240043F080531364054B1B6C03F080533B600B
:100C34003B6800BF0C37BD4680BC7047003802409B
:100C440080B58AB000AF786007F1140300221A60FF
:100C54005A609A60DA601A617B681B68254A93427D
:100C640043D100233B61244B1B6C234A43F00073A4
:100C74001364214B1B6C03F000733B613B6900233D
:100C8400FB601D4B1B6B1C4A43F0080313631A4B98
:100C94001B6B03F00803FB60FB6801237B610223E9
:100CA400BB610123FB6103233B6209237B6207F1E0
:100CB40014031946114801F0E1F902237B61022370
:100CC400BB610023FB6103233B6209237B6207F1C1
:100CD40014031946094801F0D1F900220021142017
:100CE40001F095F9142001F0AEF900BF2837BD4694
:100CF40080BD00BF0064004000380240000C024088
:100D040080B58AB000AF786007F1140300221A603E
:100D14005A609A60DA601A617B681B68194A9342C8
:100D24002CD100233B61184B1B6B174A43F0020381
:100D34001363154B1B6B03F002033B613B694FF4D8
:100D440040737B611223BB610023FB6103233B627D
:100D540004237B6207F1140319460C4801F08EF951
:100D64000023FB60084B1B6C074A43F40013136415
:100D7400054B1B6C03F40013FB60FB6800BF2837B2
:100D8400BD4680BD005400400038024000040240CB
:100D940080B58CB000AF786007F11C0300221A60A4
:100DA4005A609A60DA601A617B681B68324A93421F
:100DB4002CD10023BB61314B5B6C304A43F01003F0
:100DC40053642E4B5B6C03F01003BB61BB690023BF
:100DD4007B612A4B1B6B294A43F002031363274BA5
:100DE4001B6B03F002037B617B69C023FB6102235D
:100DF4003B6200237B620323BB620723FB6207F190
:100E04001C0319461E4801F039F931E07B681B6860
:100E14001C4A93422CD100233B61184B1B6C174A8C
:100E240043F480231364154B1B6C03F480233B6150
:100E34003B690023FB60114B1B6B104A43F0040316
:100E440013630E4B1B6B03F00403FB60FB684FF44E
:100E54004063FB6102233B6200237B620323BB628A
:100E64000723FB6207F11C031946074801F006F942
:100E740000BF3037BD4680BD00100140003802403D
:100E840000040240004800400008024080B400AF63
:100E940000BFFDE780B400AF00BFFDE780B400AF42
:100EA40000BFFDE780B400AF00BFFDE780B400AF32
:100EB40000BFFDE780B400AF00BFBD4680BC7047F3
:100EC40080B400AF00BFBD4680BC704780B400AFA3
:100ED40000BFBD4680BC704780B500AF00F028F964
:100EE40000BF80BD80B500AF024800F096FD00BF92
:100EF40080BD00BFF401002080B500AF4FF4006056
:100F040001F0A2FA4FF4805001F09EFA00BF80BDB8
:100F140080B500AF024801F024FD00BF80BD00BFD2
:100F24001C18002080B586B000AFF860B9607A6004
:100F340000237B610AE0AFF300800146BB685A1CC2
:100F4400BA60CAB21A707B6901337B617A697B68C3
:100F54009A42F0DB7B6818461837BD4680BD80B4E2
:100F640083B000AF78604FF0FF3318460C37BD46AE
:100F740080BC704780B483B000AF786039603B6850
:100F84004FF400525A60002318460C37BD4680BC0B
:100F9400704780B483B000AF7860012318460C37E3
:100FA400BD4680BC704780B485B000AFF860B960BE
:100FB4007A60002318461437BD4680BC7047000091
:100FC40080B586B000AF7860144A154BD31A7B61A4
:100FD4007B693B61134B1B68002B02D1114B124AF6
:100FE4001A60104B1A687B6813443A699A4207D214
:100FF40007F00CFB03460C221A604FF0FF3309E0A4
:10100400084B1B68FB60074B1A687B681344054A4E
:101014001360FB6818461837BD4680BD00000220E7
:10102400000400004C030020481E002080B400AFE0
:1010340000BFBD4680BC7047DFF834D0FFF7F6FF31
:101044000C480D490D4A002302E0D458C45004331F
:10105400C4188C42F9D30A4A0A4C002301E01360F5
:101064000432A242FBD307F0D7FAFFF73FFB7047E5
:101074000000022000000020D80100203890000861
:10108400D8010020441E0020FEE7000080B500AF18
:101094000E4B1B680D4A43F4007313600B4B1B6823
:1010A4000A4A43F480631360084B1B68074A43F4FD
:1010B40080731360032000F09FFF0F2000F008F8F6
:1010C400FFF798FD0023184680BD00BF003C024096
:1010D40080B582B000AF7860124B1A68124B1B784F
:1010E40019464FF47A73B3FBF1F3B2FBF3F31846EA
:1010F40000F0B7FF0346002B01D001230EE07B680C
:101104000F2B0AD8002279684FF0FF3000F07FFFE0
:10111400064A7B681360002300E001231846083761
:10112400BD4680BD0000002008000020040000200F
:1011340080B400AF054B1B781A46054B1B6813445B
:10114400034A136000BFBD4680BC704708000020FE
:101154005003002080B400AF024B1B681846BD4604
:1011640080BC70475003002080B584B000AF786025
:10117400FFF7F0FFB8607B68FB60FB68B3F1FF3FEB
:1011840005D00A4B1B781A46FB681344FB6000BF6A
:10119400FFF7E0FF0246BB68D31AFA689A42F7D811
:1011A40000BF00BF1037BD4680BD00BF080000204F
:1011B40080B584B000AF78607B68002B01D1012337
:1011C400EDE07B6893F82030DBB2002B02D1786825
:1011D400FFF736FD7B681B681A687B681B6842F062
:1011E40001021A60FFF7B6FFF86012E0FFF7B2FFE2
:1011F4000246FB68D31A0A2B0BD97B685B6A43F45B
:1012040000327B685A627B68052283F82020012320
:10121400C5E07B681B685B6803F00103002BE5D025
:101224007B681B681A687B681B6822F002021A60DC
:10123400FFF790FFF86012E0FFF78CFF0246FB68AF
:10124400D31A0A2B0BD97B685B6A43F400327B68A0
:101254005A627B68052283F8202001239FE07B6883
:101264001B685B6803F00203002BE5D17B681B7EDF
:10127400012B08D17B681B681A687B681B6842F0E5
:1012840080021A6007E07B681B681A687B681B6829
:1012940022F080021A607B685B7E012B08D17B6898
:1012A4001B681A687B681B6842F040021A6007E0FA
:1012B4007B681B681A687B681B6822F040021A600E
:1012C4007B689B7E012B08D17B681B681A687B684E
:1012D4001B6842F020021A6007E07B681B681A68EA
:1012E4007B681B6822F020021A607B68DB7E012B7E
:1012F40008D17B681B681A687B681B6822F010029F
:101304001A6007E07B681B681A687B681B6842F0F8
:1013140010021A607B681B7F012B08D17B681B6855
:101324001A687B681B6842F008021A6007E07B6851
:101334001B681A687B681B6822F008021A607B68C5
:101344005B7F012B08D17B681B681A687B681B686C
:1013540042F004021A6007E07B681B681A687B6825
:101364001B6822F004021A607B689A687B68DB6859
:101374001A437B681B691A437B685B6942EA030171
:101384007B685B685A1E7B681B680A43DA617B686A
:1013940000225A627B68012283F820200023184629
:1013A4001037BD4680BD000080B487B000AF7860C0
:1013B40039607B681B687B617B6893F82030FB7421
:1013C400FB7C012B03D0FB7C022B40F0BE80654BE1
:1013D4007B617B69D3F8003243F001027B69C3F877
:1013E40000227B69D3F8003223F47C527B69C3F872
:1013F40000227B69D3F800223B685B6A1B021A4314
:101404007B69C3F800223B685B6903F01F03012278
:1014140002FA03F3FB607B69D3F81C22FB68DB430D
:101424001A407B69C3F81C223B68DB69002B23D17B
:101434007B69D3F80C22FB68DB431A407B69C3F851
:101444000C223B68DB6819043B685B689BB23A6812
:10145400526919437B69483243F832103B689B68F0
:1014640019043B681B689AB23B685B690A43796953
:101474004833DB000B445A603B68DB69012B22D103
:101484007B69D3F80C22FB681A437B69C3F80C22EE
:101494003B681B6819043B685B689BB23A685269F5
:1014A40019437B69483243F832103B689B6819043E
:1014B4003B68DB689AB23B685B690A4379694833E5
:1014C400DB000B445A603B689B69002B09D17B69A4
:1014D400D3F80422FB68DB431A407B69C3F8042277
:1014E40007E07B69D3F80422FB681A437B69C3F8DD
:1014F40004223B681B69002B09D17B69D3F81422B1
:10150400FB68DB431A407B69C3F8142207E07B695C
:10151400D3F81422FB681A437B69C3F814223B688E
:101524001B6A012B07D17B69D3F81C22FB681A4381
:101534007B69C3F81C227B69D3F8003223F00102D3
:101544007B69C3F80022002306E07B685B6A43F4EE
:1015540080227B685A62012318461C37BD4680BC32
:10156400704700BF0064004080B584B000AF78606D
:101574007B6893F82030DBB2012B2ED17B680222EA
:1015840083F820207B681B681A687B681B6822F03C
:1015940001021A60FFF7DEFDF86012E0FFF7DAFDE2
:1015A4000246FB68D31A0A2B0BD97B685B6A43F4A7
:1015B40000327B685A627B68052283F8202001236D
:1015C40012E07B681B685B6803F00103002BE5D124
:1015D4007B6800225A62002306E07B685B6A43F45E
:1015E40000227B685A62012318461037BD4680BD2D
:1015F40080B489B000AFF860B9607A603B60FB6882
:1016040093F82030FB77FB681B689B68BB61FB7F0A
:10161400012B03D0FB7F022B40F0AD80BB6903F0AC
:101624008063002B0AD1BB6903F00063002B05D152
:10163400BB6903F08053002B00F09580BB691B0E3F
:1016440003F003037B6101227B699A403B681A60C3
:10165400BB689B68002B0DD1BB681B685A05BB682F
:10166400DB68F96809681A437B6918331B010B446A
:101674001A600FE0BB685B68DA00BB689B681A43BA
:10168400BB68DB68F96809681A437B6918331B0176
:101694000B441A60FB681968BB681A697B691833C4
:1016A4001B010B4404331A60BB681B7D012B11D151
:1016B400FB681A687B6918331B01134404331B68E5
:1016C400FA68116843F480727B6918331B010B4478
:1016D40004331A607B6807331B781A067B68063369
:1016E4001B781B041A437B6805331B781B021343C6
:1016F4007A68043212781046FA68116843EA0002E4
:101704007B691B010B4403F5C6731A607B680333C2
:101714001B781A067B6802331B781B041A437B6808
:1017240001331B781B0213437A6812781046FA6857
:10173400116843EA00027B691B010B4403F5C4737F
:101744001A60FB681A687B6918331B0113441B6811
:10175400FA68116843F001027B6918331B010B44DA
:101764001A6000230EE0FB685B6A43F40012FB6816
:101774005A62012306E0FB685B6A43F48022FB683B
:101784005A62012318462437BD4680BC704780B492
:1017940087B000AFF860B9607A603B60FB6893F88B
:1017A4002030FB75FB7D012B03D0FB7D022B40F029
:1017B4000381BB68002B0ED1FB681B68DB6803F058
:1017C4000303002B16D1FB685B6A43F40012FB6829
:1017D4005A620123F7E0FB681B681B6903F00303EB
:1017E400002B07D1FB685B6A43F40012FB685A6262
:1017F4000123E8E0FB681A68BB681B331B01134430
:101804001B6803F004027B689A607B689B68002B6A
:101814000CD1FB681A68BB681B331B0113441B689B
:101824005B0DC3F30A027B681A600BE0FB681A685D
:10183400BB681B331B0113441B68DB0823F06042A5
:101844007B685A60FB681A68BB681B331B0113442E
:101854001B6803F002027B68DA60FB681A68BB68E5
:101864001B331B01134404331B6803F00803002BD0
:1018740003D07B6808221A610BE0FB681A68BB6816
:101884001B331B01134404331B6803F00F027B68F2
:101894001A61FB681A68BB681B331B0113440433C9
:1018A4001B681B0ADAB27B689A61FB681A68BB681A
:1018B4001B331B01134404331B681B0C9AB27B6853
:1018C4005A61FB681A68BB681B01134403F5DC7397
:1018D4001B68DAB23B681A70FB681A68BB681B01A4
:1018E400134403F5DC731B681A0A3B680133D2B254
:1018F4001A70FB681A68BB681B01134403F5DC7398
:101904001B681A0C3B680233D2B21A70FB681A685F
:10191400BB681B01134403F5DC731B681A0E3B6898
:101924000333D2B21A70FB681A68BB681B011344F4
:1019340003F5DE731A683B680433D2B21A70FB688D
:101944001A68BB681B01134403F5DE731B681A0A8B
:101954003B680533D2B21A70FB681A68BB681B0176
:10196400134403F5DE731B681A0C3B680633D2B2CA
:101974001A70FB681A68BB681B01134403F5DE7315
:101984001B681A0E3B680733D2B21A70BB68002B6F
:1019940008D1FB681B68DA68FB681B6842F0200208
:1019A400DA6007E0FB681B681A69FB681B6842F091
:1019B40020021A61002306E0FB685B6A43F480227C
:1019C400FB685A62012318461C37BD4680BC704729
:1019D40080B485B000AF786039607B6893F82030BC
:1019E400FB73FB7B012B02D0FB7B022B09D17B68B1
:1019F4001B6859697B681B683A680A435A6100236B
:101A040006E07B685B6A43F480227B685A620123A8
:101A140018461437BD4680BC704780B58AB000AF05
:101A2400786000237B627B681B685B693B627B6830
:101A34001B685B68FB617B681B689B68BB617B6898
:101A44001B68DB687B617B681B681B693B617B6887
:101A54001B689B69FB603B6A03F00103002B7CD08D
:101A6400BB6903F00103002B23D07B681B680122B0
:101A74009A60BB6903F00203002B03D0786800F07E
:101A840083F916E0BB6903F00403002B04D07B6ADE
:101A940043F400637B620CE0BB6903F00803002B92
:101AA40004D07B6A43F480537B6202E0786800F0E0
:101AB40086F9BB6903F48073002B24D07B681B6810
:101AC4004FF480729A60BB6903F40073002B03D057
:101AD400786800F062F916E0BB6903F48063002BB8
:101AE40004D07B6A43F400537B620CE0BB6903F4CB
:101AF4000063002B04D07B6A43F480437B6202E0E2
:101B0400786800F065F9BB6903F48033002B24D0B6
:101B14007B681B684FF480329A60BB6903F400331E
:101B2400002B03D0786800F041F916E0BB6903F498
:101B34008023002B04D07B6A43F400437B620CE0D7
:101B4400BB6903F40023002B04D07B6A43F4803385
:101B54007B6202E0786800F044F93B6A03F0080312
:101B6400002B0CD07B6903F01003002B07D07B6A99
:101B740043F400737B627B681B681022DA603B6A63
:101B840003F00403002B0BD07B6903F00803002B44
:101B940006D07B681B680822DA60786800F02AF9AE
:101BA4003B6A03F00203002B09D07B681B68DB68E7
:101BB40003F00303002B02D07868FEF777FD3B6A3D
:101BC40003F04003002B0CD03B6903F01003002BFF
:101BD40007D07B6A43F480637B627B681B681022B6
:101BE4001A613B6A03F02003002B0BD03B6903F01E
:101BF4000803002B06D07B681B6808221A617868EA
:101C040000F00AF93B6A03F01003002B09D07B684B
:101C14001B681B6903F00303002B02D0786800F0F3
:101C2400F2F83B6A03F40033002B0BD0FB6903F09A
:101C34001003002B06D07B681B6810225A6078685A
:101C440000F0F3F83B6A03F48033002B0BD0FB69FC
:101C540003F00803002B06D07B681B6808225A6037
:101C6400786800F0EBF83B6A03F40043002B7BD068
:101C7400FB6903F00403002B72D03B6A03F4807306
:101C8400002B08D0FB6803F00103002B03D07B6A10
:101C940043F001037B623B6A03F40073002B08D01A
:101CA400FB6803F00203002B03D07B6A43F00203BA
:101CB4007B623B6A03F48063002B08D0FB6803F06B
:101CC4000403002B03D07B6A43F004037B623B6A6A
:101CD40003F40063002B43D0FB6803F07003002B74
:101CE4003ED0FB6803F07003602B2BD0602B2ED802
:101CF400502B22D0502B2AD8402B19D0402B26D839
:101D0400302B10D0302B22D8102B02D0202B05D012
:101D14001DE07B6A43F008037B6219E07B6A43F0B1
:101D240010037B6214E07B6A43F020037B620FE0C4
:101D34007B6A43F040037B620AE07B6A43F08003E2
:101D44007B6205E07B6A43F480737B6200E000BF42
:101D54007B681B689A697B681B6822F070029A6131
:101D64007B681B6804225A607B6A002B08D07B685E
:101D74005A6A7B6A1A437B685A62786800F067F88B
:101D840000BF2837BD4680BD80B483B000AF786003
:101D940000BF0C37BD4680BC704780B483B000AF31
:101DA400786000BF0C37BD4680BC704780B483B0F8
:101DB40000AF786000BF0C37BD4680BC704780B46C
:101DC40083B000AF786000BF0C37BD4680BC70475D
:101DD40080B483B000AF786000BF0C37BD4680BCD0
:101DE400704780B483B000AF786000BF0C37BD4645
:101DF40080BC704780B483B000AF786000BF0C37FC
:101E0400BD4680BC704780B483B000AF786000BF2B
:101E14000C37BD4680BC704780B483B000AF786097
:101E240000BF0C37BD4680BC704780B483B000AFA0
:101E3400786000BF0C37BD4680BC704780B483B067
:101E440000AF786000BF0C37BD4680BC704780B4DB
:101E540083B000AF786000BF0C37BD4680BC7047CC
:101E640080B485B000AF78607B6803F00703FB6043
:101E74000C4BDB68BB60BA684FF6FF031340BB60D2
:101E8400FB681A02BB68134343F0BF6343F4003397
:101E9400BB60044ABB68D36000BF1437BD4680BC36
:101EA400704700BF00ED00E080B400AF044BDB6876
:101EB4001B0A03F007031846BD4680BC704700BFE9
:101EC40000ED00E080B483B000AF0346FB7197F9E6
:101ED4000730002B0BDBFB7903F01F02064997F94F
:101EE40007305B09012000FA02F241F8232000BF09
:101EF4000C37BD4680BC704700E100E080B483B07D
:101F040000AF03463960FB7197F90730002B0ADBF9
:101F14003B68DAB20C4997F907301201D2B20B448C
:101F240083F800230AE03B68DAB20849FB7903F03E
:101F34000F03043B1201D2B20B441A7600BF0C37D4
:101F4400BD4680BC704700BF00E100E000ED00E04A
:101F540080B489B000AFF860B9607A60FB6803F0C0
:101F64000703FB61FB69C3F10703042B28BF0423A8
:101F7400BB61FB690433062B02D9FB69033B00E018
:101F840000237B614FF0FF32BB6902FA03F3DA43AB
:101F9400BB681A407B699A404FF0FF317B6901FAB4
:101FA40003F3D9437B680B40134318462437BD46DB
:101FB40080BC704780B582B000AF78607B68013B1D
:101FC400B3F1807F01D301230FE00A4A7B68013B10
:101FD40053600F214FF0FF30FFF790FF054B0022B5
:101FE4009A60044B07221A60002318460837BD463E
:101FF40080BD00BF10E000E080B582B000AF786023
:102004007868FFF72DFF00BF0837BD4680BD80B557
:1020140086B000AF0346B9607A60FB7300237B612E
:10202400FFF742FF78617A68B9687869FFF790FF33
:10203400024697F90F3011461846FFF75FFF00BFBD
:102044001837BD4680BD80B582B000AF0346FB7132
:1020540097F907301846FFF735FF00BF0837BD462C
:1020640080BD80B582B000AF78607868FFF7A2FFCA
:10207400034618460837BD4680BD000080B487B0CB
:1020840000AF7860396000237B616FE13B681A68B8
:1020940001217B6901FA03F31340FB60FB68002B09
:1020A40000F061813B685B6803F00303012B05D0FA
:1020B4003B685B6803F00303022B30D17B689B68A9
:1020C4003B617B695B00032202FA03F3DB433A6959
:1020D40013403B613B68DA687B695B0002FA03F3F7
:1020E4003A6913433B617B683A699A607B685B6831
:1020F4003B6101227B6902FA03F3DB433A69134033
:102104003B613B685B681B0903F001027B6902FACF
:1021140003F33A6913433B617B683A695A603B684D
:102124005B6803F00303032B17D07B68DB683B6118
:102134007B695B00032202FA03F3DB433A69134031
:102144003B613B689A687B695B0002FA03F33A6976
:1021540013433B617B683A69DA603B685B6803F070
:102164000303022B23D17B69DA087B68083253F816
:1021740022303B617B6903F007039B000F2202FAC4
:1021840003F3DB433A6913403B613B681A697B699B
:1021940003F007039B0002FA03F33A6913433B611C
:1021A4007B69DA087B680832396943F822107B6856
:1021B4001B683B617B695B00032202FA03F3DB4388
:1021C4003A6913403B613B685B6803F003027B6937
:1021D4005B0002FA03F33A6913433B617B683A6993
:1021E4001A603B685B6803F44033002B00F0BB804B
:1021F4000023BB60644B5B6C634A43F480435364C9
:10220400614B5B6C03F48043BB60BB685F4A7B69D2
:102214009B08023352F823303B617B6903F00303CC
:102224009B000F2202FA03F3DB433A6913403B613C
:102234007B68574A934231D07B68564A93422BD0ED
:102244007B68554A934225D07B68544A93421FD0F9
:102254007B68534A934219D07B68524A934213D005
:102264007B68514A93420DD07B68504A934207D011
:102274007B684F4A934201D1082310E009230EE002
:1022840007230CE006230AE0052308E0042306E004
:10229400032304E0022302E0012300E000237A691F
:1022A40002F00302920093401A463B6913433B61D8
:1022B40036497B699B0802333A6941F823203D4B38
:1022C4009B683B61FB68DB433A6913403B613B68B5
:1022D4005B6803F48013002B03D03A69FB68134353
:1022E4003B61344A3B699360324BDB683B61FB687A
:1022F400DB433A6913403B613B685B6803F40013BA
:10230400002B03D03A69FB6813433B61294A3B69BC
:10231400D360284B5B683B61FB68DB433A6913403D
:102324003B613B685B6803F40033002B03D03A69DC
:10233400FB6813433B611F4A3B6953601D4B1B6899
:102344003B61FB68DB433A6913403B613B685B6874
:1023540003F48033002B03D03A69FB6813433B61D9
:10236400144A3B6913607B6901337B613B681A68DB
:102374007B6922FA03F3002B7FF488AE00BF00BF11
:102384001C37BD4680BC704700380240003801400D
:10239400000002400004024000080240000C024019
:1023A400001002400014024000180240001C0240C9
:1023B40000200240003C014080B485B000AF78604A
:1023C4000B467B807B681A697B881340002B02D004
:1023D4000123FB7301E00023FB73FB7B18461437D6
:1023E400BD4680BC704780B483B000AF78600B46B4
:1023F4007B8013467B707B78002B03D07A887B68C4
:102404009A6103E07B881A047B689A6100BF0C37E9
:10241400BD4680BC704780B485B000AF78600B4681
:102424007B807B685B69FB607A88FB6813401A04D5
:10243400FB68D9437B880B401A437B689A6100BFD1
:102444001437BD4680BC704780B582B000AF0346E8
:10245400FB80084B5A69FB881340002B06D0054AC1
:10246400FB885361FB881846FEF766F800BF0837FF
:10247400BD4680BD003C014080B584B000AF7860AB
:102484007B68002B01D101232BE17B6893F83D305D
:10249400DBB2002B06D17B68002283F83C207868ED
:1024A400FEF72EFC7B68242283F83D207B681B68A2
:1024B4001A687B681B6822F001021A607B681B683B
:1024C4001A687B681B6842F400421A607B681B68C8
:1024D4001A687B681B6822F400421A6001F040FF0E
:1024E400F8607B685B68814A934207D8FB68804A3E
:1024F400934294BF01230023DBB206E0FB687D4ACC
:10250400934294BF01230023DBB2002B01D00123AB
:10251400E7E0FB68784AA2FB03239B0CBB607B6863
:102524001B685B6823F03F017B681B68BA680A4339
:102534005A607B681B681B6A23F03F017B685B68F9
:102544006A4A934202D8BB68013309E0BB684FF47E
:10255400967202FB03F3694AA2FB03239B0901332E
:102564007A6812680B4313627B681B68DB6923F487
:102574004F4222F0FF027B685B685C498B4219D8AA
:10258400FB68591E7B685B685B00B1FBF3F3591C65
:1025940040F6FC730B40002B0AD0FB68591E7B6885
:1025A4005B685B00B1FBF3F30133C3F30B0351E04E
:1025B40004234FE07B689B68002B11D1FB68581EF5
:1025C4007B6859680B465B000B44B0FBF3F30133A3
:1025D400C3F30B03002B0CBF01230023DBB212E077
:1025E400FB68581E7B6859680B469B000B44990096
:1025F4000B44B0FBF3F30133C3F30B03002B0CBF09
:1026040001230023DBB2002B01D0012322E07B68ED
:102614009B68002B0ED1FB68581E7B6859680B46DB
:102624005B000B44B0FBF3F30133C3F30B0343F43C
:1026340000430FE0FB68581E7B6859680B469B00FB
:102644000B4499000B44B0FBF3F30133C3F30B03C6
:1026540043F44043796809681343CB617B681B6882
:102664001B6823F0C0017B68DA697B681B6A1A4324
:102674007B681B680A431A607B681B689B6823F4A9
:10268400034323F0FF037A6811697A68D26811431F
:102694007A6812680B4393607B681B68DB6823F0DD
:1026A400FF017B685A697B689B691A437B681B68D6
:1026B4000A43DA607B681B681A687B681B6842F00F
:1026C40001021A607B6800221A647B68202283F866
:1026D4003D207B6800221A637B68002283F83E2039
:1026E400002318461037BD4680BD00BFA0860100F8
:1026F4007F841E00FF083D0083DE1B43D34D621020
:1027040080B586B002AF78607B68002B01D10123CD
:1027140001E17B681B68BB607B6893F89534DBB28E
:10272400002B06D17B68002283F89424786805F096
:102734003BF97B68032283F89524BB68B3F1A04F6F
:1027440002D17B6800229A717B681B68184602F0EC
:10275400D7F97B6818687B681A7C8DF800200433ED
:102764000ECB02F0C1F80346002B05D07B68022291
:1027740083F895240123CEE07B681B68002118466A
:1027840002F0CEF90346002B05D07B68022283F8C1
:1027940095240123BFE00023FB734AE0FA7B7968A8
:1027A4001346DB0013449B000B44153301221A70BB
:1027B400FA7B79681346DB0013449B000B44143303
:1027C400FA7B1A70FA7BFB7B98B279681346DB00BC
:1027D40013449B000B442E3302461A80FA7B79681B
:1027E4001346DB0013449B000B44183300221A7079
:1027F400FA7B79681346DB0013449B000B441C33BB
:1028040000221A60FA7B79681346DB0013449B00AC
:102814000B44203300221A60FA7B79681346DB00EC
:1028240013449B000B44243300221A60FB7B0133C6
:10283400FB737B681B79FA7B9A42AFD30023FB734B
:1028440044E0FA7B79681346DB0013449B000B4495
:1028540003F2552300221A70FA7B79681346DB00D1
:1028640013449B000B4403F51573FA7B1A70FA7B2F
:1028740079681346DB0013449B000B4403F516737D
:1028840000221A70FA7B79681346DB0013449B001C
:102894000B4403F5177300221A60FA7B7968134618
:1028A400DB0013449B000B4403F5187300221A60E9
:1028B400FA7B79681346DB0013449B000B4403F551
:1028C400197300221A60FB7B0133FB737B681B794D
:1028D400FA7B9A42B5D37B6818687B681A7C8DF8BA
:1028E400002004330ECB02F067F90346002B05D019
:1028F4007B68022283F8952401230CE07B68002284
:102904005A747B68012283F895247B681B681846F7
:1029140003F09EF9002318461037BD4680BD80B5EC
:1029240082B000AF78607B6893F89434012B01D1B6
:10293400022312E07B68012283F894247B681B68DD
:10294400184602F0CDF87B681B68184603F060F95E
:102954007B68002283F89424002318460837BD4678
:1029640080BD90B58DB000AF78607B681B683B621A
:102974003B6AFB617B681B68184603F017FA034641
:10298400002B40F07E847B681B68184603F080F9B6
:102994000346002B00F07484FB6903F500639B6815
:1029A4001B0AC3F30D027B68C3F8D4247B681B683D
:1029B400184603F06DF9034603F00203022B07D116
:1029C4007B681B685A697B681B6802F002025A61C3
:1029D4007B681B68184603F05BF9034603F0100399
:1029E400102B61D17B681B689A697B681B6822F095
:1029F40010029A613B6A1B6ABB61BB6903F00F0258
:102A04001346DB0013449B0003F514737A681344E4
:102A140004337B61BB6903F4F013B3F5802F24D135
:102A2400BA6947F6F0731340002B35D07B69D96837
:102A3400BB691B099BB2C3F30A039BB21A46386AEB
:102A440002F098FF7B69DA68BB691B09C3F30A03C8
:102A54001A447B69DA607B695A69BB691B09C3F351
:102A64000A031A447B695A6116E0BB6903F4F01344
:102A7400B3F5402F10D17B6803F29C43082219461A
:102A8400386A02F077FF7B695A69BB691B09C3F393
:102A94000A031A447B695A617B681B689A697B68DC
:102AA4001B6842F010029A617B681B68184603F0A9
:102AB400EFF8034603F40023B3F5002F40F0A7809A
:102AC40000237B627B681B68184603F0F3F8B86246
:102AD40099E0BB6A03F00103002B00F08E807B6851
:102AE4001B687A6AD2B21146184603F015F93861A8
:102AF4003B6903F00103002B0CD07B6A5A01FB698C
:102B0400134403F530631A4601239360796A7868A5
:102B140000F092FE3B6903F00803002B0CD07B6AA3
:102B24005A01FB69134403F530631A460823936082
:102B3400796A786800F068FF3B6903F01003002BA2
:102B440008D07B6A5A01FB69134403F530631A46C3
:102B5400102393603B6903F00203002B30D03B6ADF
:102B64005B6903F08003802B09D1FB6903F50063E3
:102B74005B68FA6902F5006243F4806353607A6A21
:102B84001346DB0013449B0003F514737A68134463
:102B940004337B617B69DB78012B08D17B690022DC
:102BA400DA707B6ADBB21946786805F011F87B6A43
:102BB4005A01FB69134403F530631A4602239360F8
:102BC4003B6903F02003002B08D07B6A5A01FB69A0
:102BD400134403F530631A46202393603B6903F4DE
:102BE4000053002B09D07B6A5A01FB69134403F597
:102BF40030631A464FF4005393607B6A01337B625F
:102C0400BB6A5B08BB62BB6A002B7FF462AF7B6864
:102C14001B68184603F03CF8034603F48023B3F51D
:102C2400802F40F0DB807B681B68184603F05BF85C
:102C3400B86200237B62CDE0BB6A03F00103002B82
:102C440000F0C2807B681B687A6AD2B211461846CB
:102C540003F07FF838613B6903F00103002B57D080
:102C64007B6A03F00F03012202FA03F3FB60FB69A2
:102C740003F500635A6BFB68DB43F96901F50061F6
:102C840013404B637B6A5A01FB69134403F51063D9
:102C94001A46012393607B689B79012B32D17968B2
:102CA4007A6A1346DB0013449B000B4420331968F3
:102CB40078687A6A1346DB0013449B0003441C3390
:102CC4001B68194478687A6A1346DB0013449B0036
:102CD4000344203319607B6A002B13D179687A6A24
:102CE4001346DB0013449B000B4424331B68002B66
:102CF40008D17B6818687B6803F29C431A4601215B
:102D040003F084F87B6ADBB21946786804F0DBFED2
:102D14003B6903F00803002B08D07B6A5A01FB6966
:102D2400134403F510631A46082393603B6903F0C8
:102D34001003002B08D07B6A5A01FB69134403F586
:102D440010631A46102393603B6903F04003002B81
:102D540008D07B6A5A01FB69134403F510631A46D1
:102D6400402393603B6903F00203002B23D0796A6C
:102D7400386A02F085F87A6A1346DB0013449B0034
:102D840010337A68134404337B617B69DB78012B4D
:102D940008D17B690022DA707B6ADBB21946786855
:102DA40004F028FF7B6A5A01FB69134403F510639E
:102DB4001A46022393603B6903F08003002B03D07F
:102DC400796A786800F0ACFC7B6A01337B62BB6A89
:102DD4005B08BB62BB6A002B7FF42EAF7B681B6869
:102DE400184602F055FF034603F00043B3F1004FC9
:102DF40014D1FB6903F500635B68FA6902F50062AC
:102E040023F001035360786804F0D4FE7B681B68E8
:102E14005A697B681B6802F000425A617B681B6830
:102E2400184602F035FF034603F40063B3F5006F60
:102E340012D1FB6903F500639B6803F00103012BC6
:102E440002D1786804F090FE7B681B685A697B683D
:102E54001B6802F400625A617B681B68184602F022
:102E640017FF034603F48053B3F5805F40F0B78047
:102E7400FB6903F500635B68FA6902F5006223F0FD
:102E8400010353607B681B681021184601F0F8FFAA
:102E94000023FB6246E0FB6A5A01FB69134403F515
:102EA40010631A464FF67F339360FB6A5A01FB693D
:102EB400134403F510631B68FA6A5101FA690A4462
:102EC40002F5106223F400131360FB6A5A01FB69D4
:102ED400134403F530631A464FF67F339360FB6A5D
:102EE4005A01FB69134403F530631B68FA6A510104
:102EF400FA690A4402F5306223F400131360FB6A92
:102F04005A01FB69134403F530631B68FA6A5101E3
:102F1400FA690A4402F5306243F000631360FB6A05
:102F24000133FB627B681B791A46FB6A9342B2D376
:102F3400FB6903F50063DB69FA6902F5006243F09B
:102F44000113D3617B68DB7B002B16D0FB6903F58F
:102F54000063D3F88430FA6902F5006243F00B038E
:102F6400C2F88430FB6903F500635B6CFA6902F50F
:102F7400006243F00B03536415E0FB6903F500633F
:102F84005B69FA6902F5006243F4005343F02B03D2
:102F94005361FB6903F500631B69FA6902F500627A
:102FA40043F00B031361FB6903F500631B68FA69C3
:102FB40002F5006223F4FE6313607B6818687B6883
:102FC40099797B6803F29C431A4602F01FFF7B68E1
:102FD4001B685A697B681B6802F480525A617B68DB
:102FE4001B68184602F054FE034603F40053B3F57D
:102FF400005F23D17B681B68184602F0E4FE7B68FF
:103004001B68184601F0B2FF03461A467B68DA7162
:103014007B681C6801F09AF901467B68DB791A46E3
:10302400204601F0BBFC786804F075FD7B681B68E2
:103034005A697B681B6802F400525A617B681B68FA
:10304400184602F025FE034603F00803082B0AD1B4
:10305400786804F052FD7B681B685A697B681B68BA
:1030640002F008025A617B681B68184602F010FEE1
:10307400034603F08003802B23D13B6A9B6923F032
:1030840080023B6A9A6101237B6214E079687A6A60
:103094001346DB0013449B000B4403F257231B78B5
:1030A400012B05D17B6ADBB21946786800F007FB77
:1030B4007B6A01337B627B681B791A467B6A934285
:1030C400E4D37B681B68184602F0E2FD034603F470
:1030D4008013B3F5801F3CD101237B622BE07B6A14
:1030E4005A01FB69134403F510631B68BB617968DB
:1030F4007A6A1346DB0013449B000B4418331B7895
:10310400012B15D1BB69002B12DA79687A6A134650
:10311400DB0013449B000B44173301221A707B6AB3
:10312400DBB263F07F03DBB21946786800F0C7FABC
:103134007B6A01337B627B681B791A467B6A934204
:10314400CDD37B681B685A697B681B6802F48012C4
:103154005A617B681B68184602F09AFD034603F423
:103164000013B3F5001F56D101237B6245E07B6A4F
:103174005A01FB69134403F530631B68BB6179682A
:103184007A6A1346DB0013449B000B4403F5167361
:103194001B78012B2ED1BB69002B2BDABB6903F4FE
:1031A40080327B68D3F8D43403F001039A4221D1EE
:1031B40079687A6A1346DB0013449B000B4403F2DC
:1031C400572301221A703B6A9B6943F080023B6AD1
:1031D4009A613B6A5B6903F08003002B0AD1FB69A7
:1031E40003F500635B68FA6902F5006243F4007357
:1031F400536008E07B6A01337B627B681B791A4663
:103204007B6A9342B3D37B681B685A697B681B68EB
:1032140002F400125A617B681B68184602F038FDFC
:10322400034603F08043B3F1804F0AD1786804F079
:10323400F3FC7B681B685A697B681B6802F0804258
:103244005A617B681B68184602F022FD034603F0AE
:103254000403042B15D17B681B685B68BB61BB69E5
:1032640003F00403002B02D0786804F0E3FC7B68CD
:103274001B6859687B681B68BA690A435A6000E096
:1032840000BF3437BD4690BD80B582B000AF7860D2
:103294000B46FB707B6893F89434012B01D1022315
:1032A40012E07B68012283F894247B68FA785A74CC
:1032B4007B681B68FA781146184602F084FC7B6828
:1032C400002283F89424002318460837BD4680BDA5
:1032D40080B584B000AF7860084611461A460346AC
:1032E400FB700B463B801346BB700023FB7297F9BF
:1032F4000330002B0FDAFB7803F00F021346DB00D8
:1033040013449B0010337A6813440433FB60FB6856
:1033140001225A700FE0FB7803F00F021346DB0022
:1033240013449B0003F514737A6813440433FB605D
:10333400FB6800225A70FB7803F00F03DAB2FB68D3
:103344001A703A88FB689A60FB68BA781A71FB684D
:103354005B78002B04D0FB681B781A46FB685A8301
:10336400BB78022B02D1FB6800225A717B6893F868
:103374009434012B01D102230EE07B68012283F8EF
:1033840094247B681B68F968184601F013FE7B6877
:10339400002283F89424FB7A18461037BD4680BD7A
:1033A40080B584B000AF78600B46FB7097F90330AA
:1033B400002B0FDAFB7803F00F021346DB001344F3
:1033C4009B0010337A6813440433FB60FB680122CA
:1033D4005A700FE0FB7803F00F021346DB0013442E
:1033E4009B0003F514737A6813440433FB60FB6891
:1033F40000225A70FB7803F00F03DAB2FB681A70EC
:103404007B6893F89434012B01D102230EE07B688E
:10341400012283F894247B681B68F968184601F03C
:103424004FFE7B68002283F894240023184610374B
:10343400BD4680BD80B586B000AFF8607A603B6061
:103444000B46FB72FB7A03F00F021346DB001344B6
:103454009B0003F51473FA68134404337B617B699E
:103464007A68DA607B693A681A617B6900225A617A
:103474007B6900225A70FB7A03F00F03DAB27B698E
:103484001A70FB689B79012B02D17A687B69DA6137
:10349400FB681868FB689B791A46796901F0ECFEB1
:1034A400002318461837BD4680BD80B483B000AFF2
:1034B40078600B46FB70FB7803F00F0279681346C3
:1034C400DB0013449B000B4403F51A731B68184676
:1034D4000C37BD4680BC704780B586B000AFF8603D
:1034E4007A603B600B46FB72FB7A03F00F021346D3
:1034F400DB0013449B001033FA68134404337B61EC
:103504007B697A68DA607B693A681A617B690022B0
:103514005A617B6901225A70FB7A03F00F03DAB215
:103524007B691A70FB689B79012B02D17A687B69ED
:10353400DA61FB681868FB689B791A46796901F0BF
:103544009BFE002318461837BD4680BD80B584B065
:1035540000AF78600B46FB70FB7803F00F037A68CA
:103564001279934201D901234FE097F90330002BDC
:103574000FDAFB7803F00F021346DB0013449B00C1
:1035840010337A6813440433FB60FB6801225A70D9
:103594000DE0FA781346DB0013449B0003F5147323
:1035A4007A6813440433FB60FB6800225A70FB689A
:1035B40001229A70FB7803F00F03DAB2FB681A70E9
:1035C4007B6893F89434012B01D102231DE07B68BE
:1035D400012283F894247B681B68F968184602F07A
:1035E40020FAFB7803F00F03002B09D17B681868DD
:1035F4007B6899797B6803F29C431A4602F006FCC7
:103604007B68002283F89424002318461037BD46B3
:1036140080BD80B584B000AF78600B46FB70FB784A
:1036240003F00F037A681279934201D9012342E02F
:1036340097F90330002B0FDAFB7803F00F021346DF
:10364400DB0013449B0010337A6813440433FB609B
:10365400FB6801225A700FE0FB7803F00F02134657
:10366400DB0013449B0003F514737A68134404339A
:10367400FB60FB6800225A70FB6800229A70FB789A
:1036840003F00F03DAB2FB681A707B6893F8943482
:10369400012B01D102230EE07B68012283F89424DC
:1036A4007B681B68F968184602F028FA7B680022D8
:1036B40083F89424002318461037BD4680BD80B596
:1036C40084B000AF78600B46FB7097F90330002B91
:1036D4000CDAFB7803F00F021346DB0013449B0063
:1036E40010337A6813440433FB600CE0FB7803F076
:1036F4000F021346DB0013449B0003F514737A682E
:1037040013440433FB607B681B68F968184602F0B5
:103714004BF80346FB72FB7A18461037BD4680BD52
:1037240080B58AB002AF786039607B681B687B61C2
:103734007B693B613A681346DB0013449B001033FA
:103744007A6813440433FB60FB685A69FB681B699D
:103754009A4201D901236BE0FB681A69FB685B6933
:10376400D31AFB61FB689B68FA699A4202D9FB6829
:103774009B68FB61FB6903339B08BB612AE0FB6820
:103784001A69FB685B69D31AFB61FB689B68FA6979
:103794009A4202D9FB689B68FB61FB6903339B086F
:1037A400BB61FB68D9683B68DAB2FB6998B27B6895
:1037B4009B7900930346786902F09FF8FB68DA6806
:1037C400FB691A44FB68DA60FB685A69FB691A44AE
:1037D400FB685A613B685A013B69134403F5106363
:1037E4009B699BB2BA699A4209D8FB685A69FB681B
:1037F4001B699A4203D2FB681B69002BBFD1FB688B
:103804001A69FB685B699A4211D83B6803F00F039D
:10381400012202FA03F3BB603B6903F500635A6BB0
:10382400BB68DB43396901F5006113404B63002336
:1038340018462037BD4680BD80B588B000AF78609B
:1038440039607B681B68FB61FB69BB61FB693C33C6
:1038540004331B687B613B685A01BB69134403F55D
:1038640030639B683B617B689B79012B7BD13B690F
:1038740003F00803002B15D07B69614A934240F2A0
:10388400B9803B6903F40043002B00F0B3803B682C
:103894005A01BB69134403F530631A464FF40043DD
:1038A4009360A7E03B6903F02003002B09D03B6839
:1038B4005A01BB69134403F530631A46202393600D
:1038C40098E03B6903F02803002B40F093807B6968
:1038D4004B4A93420FD93B6903F40043002B0AD0AF
:1038E4003B685A01BB69134403F530631A464FF42D
:1038F400004393607EE03A681346DB0013449B0068
:1039040003F514737A6813440433FB60FB681A6A82
:103914003B685901BB690B4403F530631B69C3F36E
:103924001203D21AFB685A613B68002B14D1FB685E
:103934001B69002B09D17B6818687B6803F29C43E0
:103944001A46012102F062FA06E0FB68DA68FB68B5
:103954005B691A44FB68DA603B68DBB21946786835
:1039640004F096F846E07B69264A934224D13B69E9
:1039740003F40043002B0AD03B685A01BB6913448B
:1039840003F530631A464FF40043936032E03B6919
:1039940003F02003002B08D03B685A01BB69134491
:1039A40003F530631A46202393603B68DBB2194663
:1039B400786804F06DF81DE03B68002B14D1796839
:1039C4003A681346DB0013449B000B4403F5197358
:1039D4001B68002B08D17B6818687B6803F29C4342
:1039E4001A46002102F012FA3B68DBB219467868E5
:1039F40004F04EF8002318462037BD4680BD00BFB2
:103A04000A30544F0A31544F80B586B000AF786005
:103A140039607B681B687B617B693B617B693C33F4
:103A240004331B68FB603B685A013B69134403F58C
:103A340030639B68BB60FB68154A93420ED9BB6830
:103A440003F40043002B09D03B685A013B6913443B
:103A540003F530631A464FF400439360786804F02A
:103A640005F8FB680A4A93420CD97B689B79012BC1
:103A740008D17B6818687B6803F29C431A460121CD
:103A840002F0C4F9002318461837BD4680BD00BFB4
:103A94000A30544F80B485B000AF78600B46FB7099
:103AA40013463B807B681B685B6ABB60FB78002B1A
:103AB40007D13B8819047B681B68BA680A439A6279
:103AC40028E07B681B689B6A1B0CBA681344BB60C4
:103AD4000023FB730DE07B681A68FB7B40339B007B
:103AE40013445B681B0CBA681344BB60FB7B013353
:103AF400FB73FA7BFB78013B9A42ECD33B881804B6
:103B04007B681968FB78013BBA68024340339B0029
:103B14000B445A60002318461437BD4680BC7047D6
:103B240080B483B000AF78600B467B807B681B68F1
:103B34007A885A62002318460C37BD4680BC704709
:103B440080B58AB000AF78607B68002B01D1012377
:103B54003BE27B681B6803F00103002B50D09E4BB3
:103B64009B6803F00C03042B0CD09B4B9B6803F065
:103B74000C03082B12D1984B5B6803F48003B3F554
:103B8400800F0BD1944B1B6803F40033002B36D009
:103B94007B685B68002B32D1012316E27B685A688C
:103BA4008E4BD2B21A707B685B68002B13D0FDF782
:103BB400D1FA386208E0FDF7CDFA02463B6AD31A1F
:103BC400642B01D9032300E2834B1B6803F4003305
:103BD400002BF0D014E0FDF7BDFA386208E0FDF7E1
:103BE400B9FA02463B6AD31A642B01D90323ECE1E8
:103BF400794B1B6803F40033002BF0D100E000BFC5
:103C04007B681B6803F00203002B77D0724B9B6820
:103C140003F00C03002B0BD06F4B9B6803F00C03D9
:103C2400082B26D16C4B5B6803F48003002B20D156
:103C3400694B1B6803F00203002B05D07B68DB682B
:103C4400012B01D00123C0E1634B1B6823F0F80270
:103C54007B681B69F821F960F96891FAA1F139616F
:103C64003969B1FA81F1C9B28B405B4913430B60E6
:103C740044E07B68DB68002B2AD0594B01221A6090
:103C8400FDF768FA386208E0FDF764FA02463B6A19
:103C9400D31A022B01D9032397E14F4B1B6803F07E
:103CA4000203002BF0D04C4B1B6823F0F8027B6816
:103CB4001B69F8217961796991FAA1F1B961B9694E
:103CC400B1FA81F1C9B28B40434913430B6015E04B
:103CD400434B00221A60FDF73DFA386208E0FDF715
:103CE40039FA02463B6AD31A022B01D903236CE149
:103CF400394B1B6803F00203002BF0D17B681B686F
:103D040003F00803002B30D07B685B69002B16D0CE
:103D1400344B01221A60FDF71DFA386208E0FDF702
:103D240019FA02463B6AD31A022B01D903234CE148
:103D3400294B5B6F03F00203002BF0D015E0294BF5
:103D440000221A60FDF706FA386208E0FDF702FA6D
:103D540002463B6AD31A022B01D9032335E11E4BD9
:103D64005B6F03F00203002BF0D17B681B6803F048
:103D74000403002B00F08780002387F82730164BBC
:103D84001B6C03F08053002B10D10023BB60124B3B
:103D94001B6C114A43F0805313640F4B1B6C03F0EC
:103DA4008053BB60BB68012387F827300E4B1B6828
:103DB4000D4A43F4807313600B4B1B6803F4807348
:103DC400002B22D1084B1B68074A43F4807313600D
:103DD400FDF7C0F9386212E00038024002380240B0
:103DE40000004742800E474200700040FDF7B2F9E0
:103DF40002463B6AD31A022B01D90323E5E0754B33
:103E04001B6803F48073002BF0D07B689A68724BB4
:103E1400D2B21A707B689B68002B15D0FDF79AF913
:103E240038620AE0FDF796F902463B6AD31A41F27A
:103E34008832934201D90323C7E0684B1B6F03F018
:103E44000203002BEED014E0FDF784F938620AE097
:103E5400FDF780F902463B6AD31A41F28832934255
:103E640001D90323B1E05D4B1B6F03F00203002B68
:103E7400EED197F82730012B05D1584B1B6C574ACC
:103E840023F0805313647B689B69002B00F09C80B3
:103E9400524B9B6803F00C03082B61D07B689B6931
:103EA400022B46D14E4B00221A60FDF753F93862BB
:103EB40008E0FDF74FF902463B6AD31A642B01D997
:103EC400032382E0454B1B6803F00073002BF0D101
:103ED400424B5A68434B13407A68D1697A68126A34
:103EE40011437A68526A920111437A68D26A1206BF
:103EF40011437A68926A5208013A12040A43374914
:103F040013434B60364B01221A60FDF723F93862E4
:103F140008E0FDF71FF902463B6AD31A642B01D966
:103F2400032352E02D4B1B6803F00073002BF0D0E9
:103F34004AE02B4B00221A60FDF70CF9386208E0C6
:103F4400FDF708F902463B6AD31A642B01D903230F
:103F54003BE0224B1B6803F00073002BF0D133E0ED
:103F64007B689B69012B01D101232EE01B4B5B680D
:103F7400FB61FB6903F480027B68DB699A4221D10F
:103F8400FB6903F03F027B681B6A9A421AD1FA6903
:103F940047F6C07313407A68526A9201934211D172
:103FA400FB6903F440327B689B6A5B08013B1B049A
:103FB4009A4207D1FB6903F070627B68DB6A1B06D7
:103FC4009A4201D0012300E0002318462837BD4659
:103FD40080BD00BF007000407038024000380240CD
:103FE400600047420080BCF080B586B000AF7860C6
:103FF40039607B68002B01D10123D2E06B4B1B6835
:1040040003F00F033A689A420CD9684B3A68D2B26B
:104014001A70664B1B6803F00F033A689A4201D08A
:104024000123BEE07B681B6803F00203002B20D051
:104034007B681B6803F00403002B05D05C4B9B6872
:104044005B4A43F4E05393607B681B6803F0080306
:10405400002B05D0564B9B68554A43F4604393604C
:10406400534B9B6823F0F0027B689B6850491343D1
:104074008B607B681B6803F00103002B40D07B68D6
:104084005B68012B07D14A4B1B6803F40033002BF8
:1040940015D1012385E07B685B68022B07D1444B73
:1040A4001B6803F00073002B09D1012379E0404B16
:1040B4001B6803F00203002B01D1012371E03C4B88
:1040C4009B6823F003027B685B68394913438B6068
:1040D400FDF740F878610AE0FDF73CF802467B6999
:1040E400D31A41F28832934201D9032359E0304B69
:1040F4009B6803F00C027B685B689B009A42EBD1DF
:104104002A4B1B6803F00F033A689A420CD2274BE0
:104114003A68D2B21A70254B1B6803F00F033A6851
:104124009A4201D001233CE07B681B6803F004033E
:10413400002B08D01E4B9B6823F4E0527B68DB689D
:104144001B4913438B607B681B6803F00803002B37
:1041540009D0174B9B6823F460427B681B69DB0022
:10416400134913438B6000F02BF80146104B9B68F6
:1041740003F0F003F022FA60FA6892FAA2F23A61CC
:104184003A69B2FA82F2D2B2D3400A4AD35C21FA33
:1041940003F3094A1360094B1B681846FCF798FFA0
:1041A400002318461837BD4680BD00BF003C0240BE
:1041B40000380240DC8F00080000002004000020CA
:1041C4002DE9B04F90B000AF00237B630023FB6365
:1041D40000233B630023BB63594B9B6803F00C0330
:1041E400082B0DD0082B00F2A280002B02D0042B48
:1041F40003D09CE0534BBB639CE0534BBB6399E0FF
:104204004F4B5B6803F03F037B634D4B5B6803F4E8
:104214008003002B27D04A4B5B689B0900223B623A
:104224007A623B6AC3F308000021474B03FB01F2A7
:10423400002300FB03F31344434AA0FB0221F96269
:10424400BA62FA6A1344FB627B6B0022BB61FA61B7
:10425400D7E90623D7E90A01FBF7B2FF02460B466A
:104264001346FB6355E0364B5B689B0900223B61B8
:104274007A613B69C3F3080A4FF0000B52465B4670
:104284004FF000004FF00001590141EAD2615001A2
:1042940002460B46B2EB0A0863EB0B094FF000022F
:1042A4004FF000034FEA891343EA98634FEA8812F8
:1042B400B2EB080463EB09054FF000024FF0000372
:1042C400EB0043EA5473E20014461D4614EB0A0360
:1042D4003B6045EB0B037B604FF000024FF00003A3
:1042E400D7E9004529468B0220462946044643EA7D
:1042F400945301468A02104619467B6B0022BB6028
:10430400FA60D7E90223FBF75BFF02460B4613462C
:10431400FB630B4B5B681B0C03F0030301335B0073
:104324003B63FA6B3B6BB2FBF3F3BB6302E0054BFD
:10433400BB6300BFBB6B18464037BD46BDE8B08FBA
:10434400003802400024F40040787D0180B400AFBE
:10435400024B1B681846BD4680BC70470000002015
:1043640080B582B000AFFFF7F1FF01460B4B9B68AD
:1043740003F4E0534FF4E0527A607A6892FAA2F2BE
:104384003A603A68B2FA82F2D2B2D340044AD35CB9
:1043940021FA03F318460837BD4680BD00380240B1
:1043A400EC8F000880B582B000AFFFF7CFFF014665
:1043B4000B4B9B6803F460434FF460427A607A6865
:1043C40092FAA2F23A603A68B2FA82F2D2B2D340D6
:1043D400044AD35C21FA03F318460837BD4680BD6E
:1043E40000380240EC8F000880B582B000AF7860DE
:1043F4007B68002B01D1012342E07B6893F84130B4
:10440400DBB2002B06D17B68002283F84020786859
:10441400FCF7BEFC7B68242283F841207B681B6880
:10442400DA687B681B6822F40052DA60786800F06E
:1044340071F97B681B681A697B681B6822F49042D7
:104444001A617B681B685A697B681B6822F02A0220
:104454005A617B681B68DA687B681B6842F4005207
:10446400DA607B6800225A647B68202283F841204A
:104474007B68202283F842207B6800225A63002351
:1044840018460837BD4680BD80B58AB002AFF860D3
:10449400B9603B601346FB8000237B61FB6893F8A3
:1044A4004130DBB2202B75D1BB68002B02D0FB88D6
:1044B400002B01D101236EE0FB6800225A64FB68E3
:1044C400212283F84120FCF745FE7861FB68FA88D5
:1044D4009A84FB68FA88DA84FB689B68B3F5805F8A
:1044E40008D1FB681B69002B04D10023FB61BB6866
:1044F400BB6103E0BB68FB610023BB612EE03B684A
:1045040000937B6900228021F86800F048F8034694
:10451400002B05D0FB68202283F8412003233AE0D6
:10452400FB69002B0BD1BB691B881A46FB681B680F
:10453400C2F308025A60BB690233BB6107E0FB693E
:104544001A78FB681B685A60FB690133FB61FB68DE
:10455400DB8C9BB2013B9AB2FB68DA84FB68DB8C90
:104564009BB2002BCBD13B6800937B690022402196
:10457400F86800F014F80346002B05D0FB682022ED
:1045840083F84120032306E0FB68202283F84120BE
:10459400002300E0022318462037BD4680BD80B5C5
:1045A40086B000AFF860B9603B601346FB713BE036
:1045B4003B6AB3F1FF3F37D0FCF7CCFD02463B68C2
:1045C400D31A3A6A9A4202D33B6A002B01D10323DD
:1045D4003AE0FB681B68DB6803F00403002B23D07C
:1045E400BB68802B20D0BB68402B1DD0FB681B68A8
:1045F4001B6803F00803082B16D100237B61FB68BA
:104604001B681B687B61FB681B685B687B617B695B
:10461400F86800F01DF8FB6808225A64FB68002261
:1046240083F8402001230FE0FB681B681A68BB680D
:104634001340BA689A420CBF01230023DBB21A4626
:10464400FB799A42B4D0002318461837BD4680BD82
:1046540080B495B000AF78607B681B680C337B63D3
:104664007B6B53E8003F3B633B6B23F49073FB6429
:104674007B681B680C33FA6C3A64FB63F96B3A6C25
:1046840041E80023BB63BB6B002BE5D17B681B684F
:1046940014333B623B6A53E8003FFB61FB6923F040
:1046A4000103BB647B681B681433BA6CFA62BB6297
:1046B400B96AFA6A41E800237B627B6A002BE5D180
:1046C4007B681B6B012B19D17B681B680C33FB6067
:1046D400FB6853E8003FBB60BB6823F010037B64B6
:1046E4007B681B680C337A6CBA617B617969BA693F
:1046F40041E800233B613B69002BE5D17B68202224
:1047040083F842207B6800221A6300BF5437BD46F9
:1047140080BC704780B584B000AF78607B681B684C
:104724001B6923F440517B68DA687B681B680A4381
:104734001A617B689A687B681B691A437B685B69AA
:104744001A437B68DB691343BB607B681B68DB68C7
:1047540023F4164323F00C037A681268B9680B43F8
:10476400D3607B681B685B6923F440717B689A693A
:104774007B681B680A435A617B681B68574A9342EB
:1047840004D07B681B68564A934203D1FFF70AFEA4
:10479400F86002E0FFF7E4FDF8607B68DB69B3F5DD
:1047A400004F4CD1FA6813469B0013449A001A44F4
:1047B4007B685B685B00B2FBF3F34A4AA2FB03230A
:1047C4005B091901FA6813469B0013449A001A44C2
:1047D4007B685B685B00B2FBF3F2424BA3FB020312
:1047E4005B09642000FB03F3D31ADB0032333D4A38
:1047F400A2FB03235B095B0003F4F8731944FA6812
:1048040013469B0013449A001A447B685B685B0060
:10481400B2FBF3F2334BA3FB02035B09642000FBFE
:1048240003F3D31ADB0032332E4AA2FB03235B09C2
:1048340003F007027B681B680A449A604AE0FA683E
:1048440013469B0013449A001A447B685B689B00E0
:10485400B2FBF3F3234AA2FB03235B091901FA68B1
:1048640013469B0013449A001A447B685B689B00C0
:10487400B2FBF3F21B4BA3FB02035B09642000FBB6
:1048840003F3D31A1B013233164AA2FB03235B0939
:1048940003F0F0031944FA6813469B0013449A008A
:1048A4001A447B685B689B00B2FBF3F20D4BA3FBDD
:1048B40002035B09642000FB03F3D31A1B013233A8
:1048C400084AA2FB03235B0903F00F027B681B6801
:1048D4000A449A6000BF1037BD4680BD00100140F5
:1048E400001401401F85EB5184B080B584B000AF43
:1048F400786007F11C0080E80E0097F82130012B46
:1049040023D17B689B6B23F480327B689A637B683A
:10491400DB6823F4840323F040037A68D3607B6864
:10492400DB6823F440127B68DA6097F82830012BA7
:1049340005D17B68DB6843F480127B68DA607868B1
:1049440001F0C0FA0346FB7310E07B68DB6843F0B8
:1049540040027B68DA60786801F0B4FA0346FB73BE
:104964007B689B6B43F480327B689A63BB7F012B2B
:104974000BD17B689B6843F006027B689A607B6876
:104984009B6843F020027B689A60FB7B18461037D3
:10499400BD46BDE8804004B07047000080B487B0D5
:1049A40000AFF860B9601346FB71FB79022B65D147
:1049B400BB68414A934206D9BB68404A934202D23B
:1049C4000F237B6162E0BB683C4A934206D3BB6819
:1049D4003B4A934202D20E237B6157E0BB68384ABC
:1049E400934206D3BB68374A934202D20D237B61BC
:1049F4004CE0BB68334A934206D3BB68324A9342C5
:104A040002D80C237B6141E0BB682F4A934206D94C
:104A1400BB682E4A934202D80B237B6136E0BB6805
:104A24002A4A934206D9BB68294A934202D80A23E8
:104A34007B612BE0BB68264A934206D9BB68254AB2
:104A4400934202D209237B6120E0BB68214A93424E
:104A540006D3BB68204A934202D808237B6115E041
:104A6400BB681D4A934206D9BB681C4A934202D2D2
:104A740007237B610AE006237B6107E0FB79002BB7
:104A840002D109237B6101E009237B61FB68DB68B8
:104A940023F47052FB68DA60FB68DA687B699B0276
:104AA40003F470531A43FB68DA60002318461C377A
:104AB400BD4680BC704700BFBFACD800C0E1E40075
:104AC4000024F400807306019F491A01FF2C310170
:104AD4003FA44C0100366E011FABA6010048E8015B
:104AE40080B483B000AF78607B689B6843F00102B8
:104AF4007B689A60002318460C37BD4680BC70471B
:104B040080B483B000AF78607B689B6823F00102B7
:104B14007B689A60002318460C37BD4680BC7047FA
:104B240080B584B000AF78600B46FB700023FB6057
:104B34007B68DB6823F0C0427B68DA60FB78012B7A
:104B440015D17B68DB6843F000527B68DA600A2089
:104B5400FCF70AFBFB680A33FB60786801F026F96E
:104B64000346012B1ED0FB68C72BF0D91AE0FB7853
:104B7400002B15D17B68DB6843F080427B68DA60E8
:104B84000A20FCF7F1FAFB680A33FB60786801F04D
:104B94000DF90346002B05D0FB68C72BF0D901E0C3
:104BA400012305E0FB68C82B01D1012300E00023A9
:104BB40018461037BD4680BD84B080B586B000AFBE
:104BC400786007F1240080E80E000023FB757B6801
:104BD400FB6000233B6109E07A683B6940339B003A
:104BE400134400225A603B6901333B613B690E2B3D
:104BF400F2D997F82E30002B1CD1FB6803F5006323
:104C04005B68FA6802F5006243F0020353607B6854
:104C14009B6B43F400127B689A637B689B6B23F461
:104C240000227B689A637B689B6B23F480227B68F9
:104C34009A630BE07B689B6B23F400127B689A6396
:104C44007B689B6B43F400227B689A63FB6803F5E3
:104C540060631A460023136097F82930012B0DD1A5
:104C640097F82730002B04D10021786800F066F90A
:104C740008E00121786800F061F903E00321786815
:104C840000F05CF91021786800F0FAF80346002B74
:104C940001D00123FB75786800F023F90346002B4B
:104CA40001D00123FB75FB6803F500631A4600235A
:104CB4001361FB6803F500631A4600235361FB6824
:104CC40003F500631A460023D36100233B6143E0EC
:104CD4003B695A01FB68134403F510631B6803F036
:104CE4000043B3F1004F18D13B69002B0AD13B6953
:104CF4005A01FB68134403F510631A464FF000632E
:104D0400136013E03B695A01FB68134403F5106315
:104D14001A464FF09043136008E03B695A01FB6860
:104D2400134403F510631A46002313603B695A01C8
:104D3400FB68134403F510631A46002313613B69AF
:104D44005A01FB68134403F510631A464FF67F3388
:104D540093603B6901333B6197F824301A463B6901
:104D64009342B5D300233B6143E03B695A01FB689E
:104D7400134403F530631B6803F00043B3F1004FA1
:104D840018D13B69002B0AD13B695A01FB681344D3
:104D940003F530631A464FF00063136013E03B6978
:104DA4005A01FB68134403F530631A464FF09043ED
:104DB400136008E03B695A01FB68134403F5306350
:104DC4001A46002313603B695A01FB68134403F538
:104DD40030631A46002313613B695A01FB6813448C
:104DE40003F530631A464FF67F3393603B69013312
:104DF4003B6197F824301A463B699342B5D3FB686C
:104E040003F500631B69FA6802F5006223F48073FA
:104E140013617B6800229A617B686FF080425A615B
:104E240097F82630002B05D17B689B6943F010026C
:104E34007B689A617B689A69104B13437A68936123
:104E440097F82A30002B05D07B689B6943F0080251
:104E54007B689A6197F82E30012B07D17B689B6998
:104E640043F0804343F004037A689361FB7D184662
:104E74001837BD46BDE8804004B0704700383C8018
:104E840080B485B000AF786039600023FB60FB68B4
:104E94000133FB60FB68B3F1706F01D903231BE09E
:104EA4007B681B69002BF2DA0023FB603B689B01E3
:104EB40043F020027B681A61FB680133FB60FB68E6
:104EC400B3F1706F01D9032306E07B681B6903F01B
:104ED4002003202BF0D0002318461437BD4680BC95
:104EE400704780B485B000AF78600023FB60FB6836
:104EF4000133FB60FB68B3F1706F01D9032318E041
:104F04007B681B69002BF2DA0023FB607B681022AC
:104F14001A61FB680133FB60FB68B3F1706F01D960
:104F2400032306E07B681B6903F01003102BF0D009
:104F3400002318461437BD4680BC704780B485B042
:104F440000AF78600B46FB707B68FB60FB6803F581
:104F540000631A68FB78F96801F5006113430B607C
:104F6400002318461437BD4680BC704780B487B010
:104F740000AF78607B683B613B6903F500639B6825
:104F840003F00603FB60FB68002B02D10023FB75D2
:104F94000AE0FB68022B02D0FB68062B02D1022335
:104FA400FB7501E00F23FB75FB7D18461C37BD46DE
:104FB40080BC704780B485B000AF786039607B688E
:104FC400FB603B681B78BB603B685B78012B3AD184
:104FD400FB6803F50063DA693B681B7803F00F0391
:104FE400012101FA03F39BB2F96801F5006113434F
:104FF400CB61BB685A01FB68134403F510631B685B
:1050040003F40043002B55D1BB685A01FB681344D9
:1050140003F510631A683B689B68C3F30A013B6895
:105024001B799B041943BB689B050B431343BA6864
:105034005101FA680A4402F5106243F0805343F4C4
:105044000043136036E0FB6803F50063DA693B68EC
:105054001B7803F00F03012101FA03F31B04F96821
:1050640001F500611343CB61BB685A01FB6813442B
:1050740003F530631B6803F40043002B1AD1BB68AB
:105084005A01FB68134403F530631A683B689B6854
:10509400C3F30A013B681B799B040B431343BA68AF
:1050A4005101FA680A4402F5306243F0805343F434
:1050B40000431360002318461437BD4680BC704774
:1050C40080B485B000AF786039607B68FB603B6872
:1050D4001B78BB603B685B78012B61D1BB685A01CC
:1050E400FB68134403F510631B6803F00043B3F13A
:1050F400004F1FD1BB685A01FB68134403F51063CA
:105104001B68BA685101FA680A4402F5106243F058
:1051140000631360BB685A01FB68134403F5106312
:105124001B68BA685101FA680A4402F5106243F038
:1051340080431360FB6803F50063DA6B3B681B78FC
:1051440003F00F03012101FA03F39BB2DB43F96877
:1051540001F500611340CB63FB6803F50063DA6972
:105164003B681B7803F00F03012101FA03F39BB2A0
:10517400DB43F96801F500611340CB61BB685A0158
:10518400FB68134403F510631A68BB685901FB6894
:105194000B4403F510631946354B13400B6060E074
:1051A400BB685A01FB68134403F530631B6803F0C2
:1051B4000043B3F1004F1FD1BB685A01FB6813448D
:1051C40003F530631B68BA685101FA680A4402F5B2
:1051D400306243F000631360BB685A01FB681344F8
:1051E40003F530631B68BA685101FA680A4402F592
:1051F400306243F080431360FB6803F50063DA6BAD
:105204003B681B7803F00F03012101FA03F31B042D
:10521400DB43F96801F500611340CB63FB6803F5D8
:105224000063DA693B681B7803F00F03012101FA7C
:1052340003F31B04DB43F96801F500611340CB6100
:10524400BB685A01FB68134403F530631A68BB68F2
:105254005901FB680B4403F530631946054B1340B1
:105264000B60002318461437BD4680BC704700BF4E
:10527400007833EC0078F3EF80B58AB002AFF860C1
:10528400B9601346FB71FB68FB61BB681B78BB61AB
:10529400BB685B78012B40F07A81BB681B69002BEB
:1052A40032D1BB695A01FB69134403F510631B69CE
:1052B400BA695101FA690A4402F5106223F0FF53F6
:1052C40023F4C0131361BB695A01FB69134403F54A
:1052D40010631B69BA695101FA690A4402F5106244
:1052E40043F400231361BB695A01FB69134403F5BA
:1052F40010631B69BA695101FA690A4402F5106224
:10530400DB0CDB04136192E0BB695A01FB691344B3
:1053140003F510631B69BA695101FA690A4402F57D
:105324001062DB0CDB041361BB695A01FB69134493
:1053340003F510631B69BA695101FA690A4402F55D
:10534400106223F0FF5323F4C0131361BB69002BD5
:105354001AD1BB681A69BB689B689A4203D9BB68B7
:105364009A68BB681A61BB695A01FB69134403F567
:1053740010631B69BA695101FA690A4402F51062A3
:1053840043F4002313611BE0BB695A01FB69134416
:1053940003F510631A69BB681969BB689B680B4401
:1053A400591EBB689B68B1FBF3F3D904A24B0B40B5
:1053B400B9694801F969014401F5106113430B61AE
:1053C400BB695A01FB69134403F510631A69BB688E
:1053D4001B69C3F31203B9694801F969014401F572
:1053E400106113430B61BB681B79012B1FD1BB698F
:1053F4005A01FB69134403F510631B69BA6951012F
:10540400FA690A4402F5106223F0C0431361BB69D0
:105414005A01FB69134403F510631B69BA6951010E
:10542400FA690A4402F5106243F000531361FB79F0
:10543400012B4BD1BB68DB69002B09D0BB695A0136
:10544400FB69134403F510631A46BB68DB695361B7
:10545400BB681B79012B28D1FB6903F500639B68AA
:1054640003F48073002B10D1BB695A01FB69134408
:1054740003F510631B68BA695101FA690A4402F51D
:10548400106243F0005313600FE0BB695A01FB69DB
:10549400134403F510631B68BA695101FA690A449D
:1054A40002F5106243F080531360BB695A01FB6933
:1054B400134403F510631B68BA695101FA690A447D
:1054C40002F5106243F00443136065E1BB695A01BD
:1054D400FB69134403F510631B68BA695101FA6947
:1054E4000A4402F5106243F004431360BB681B795D
:1054F400012B15D0BB681B69002B00F04D81FB69A3
:1055040003F500635A6BBB681B7803F00F0301219A
:1055140001FA03F3F96901F5006113434B633BE1BD
:10552400FB6903F500639B6803F48073002B10D1BF
:10553400BB695A01FB69134403F510631B68BA691C
:105544005101FA690A4402F5106243F000531360F2
:105554000FE0BB695A01FB69134403F510631B6830
:10556400BA695101FA690A4402F5106243F08053A2
:105574001360BB68D968BB681A78BB681B6998B2AA
:10558400FB7900930346F86800F0B7F904E1BB69BE
:105594005A01FB69134403F530631B69BA6951016D
:1055A400FA690A4402F53062DB0CDB041361BB695F
:1055B4005A01FB69134403F530631B69BA6951014D
:1055C400FA690A4402F5306223F0FF5323F4C0134E
:1055D4001361BB69002B31D1BB681B69002B03D05D
:1055E400BB689A68BB681A61BB689A68BB681A6230
:1055F400BB695A01FB69134403F530631A69BB683C
:105604001B6AC3F31203B9694801F969014401F53E
:10561400306113430B61BB695A01FB69134403F501
:1056240030631B69BA695101FA690A4402F53062B0
:1056340043F40023136161E00000F81FBB681B6999
:10564400002B23D1BB695A01FB69134403F5306372
:105654001A69BB689B68C3F31203B9694801F96905
:10566400014401F5306113430B61BB695A01FB69C5
:10567400134403F530631B69BA695101FA690A449A
:1056840002F5306243F40023136137E0BB681A6902
:10569400BB689B6813445A1EBB689B68B2FBF3F358
:1056A400FB82BB689B68FA8A03FB02F2BB681A623E
:1056B400BB695A01FB69134403F530631A69FB8A19
:1056C400D904384B0B40B9694801F969014401F523
:1056D400306113430B61BB695A01FB69134403F541
:1056E40030631A69BB681B6AC3F31203B9694801C2
:1056F400F969014401F5306113430B61FB79012B16
:105704000DD1BB68DB68002B09D0BB68D968BB69C5
:105714005A01FB69134403F530630A465A61BB68B6
:105724001B79012B28D1FB6903F500639B6803F403
:105734008073002B10D1BB695A01FB69134403F534
:1057440030631B68BA695101FA690A4402F5306290
:1057540043F0005313600FE0BB695A01FB69134423
:1057640003F530631B68BA695101FA690A4402F50A
:10577400306243F080531360BB695A01FB691344E0
:1057840003F530631B68BA695101FA690A4402F5EA
:10579400306243F004431360002318462037BD46AB
:1057A40080BD00BF0000F81F80B487B000AF7860F0
:1057B40039600023FB600023FB757B683B613B6819
:1057C4005B78012B4AD13B681B785A013B6913442F
:1057D40003F510631B6803F00043B3F1004F40F07E
:1057E40086803B681B785A013B69134403F51063B8
:1057F4001B683A68127851013A690A4402F510624A
:1058040043F0006313603B681B785A013B691344FF
:1058140003F510631B683A68127851013A690A4427
:1058240002F5106243F080431360FB680133FB60B0
:10583400FB6842F21072934202D90123FB7556E0D1
:105844003B681B785A013B69134403F510631B68DA
:1058540003F00043B3F1004FE7D048E03B681B7806
:105864005A013B69134403F530631B6803F000439A
:10587400B3F1004F3BD13B681B785A013B69134499
:1058840003F530631B683A68127851013A690A4497
:1058940002F5306243F0006313603B681B785A01E1
:1058A4003B69134403F530631B683A68127851016D
:1058B4003A690A4402F5306243F080431360FB689E
:1058C4000133FB60FB6842F21072934202D9012358
:1058D400FB750CE03B681B785A013B69134403F5E4
:1058E40030631B6803F00043B3F1004FE7D0FB7D46
:1058F40018461C37BD4680BC704780B489B000AFE1
:10590400F860B96011461A460B46FB711346BB801A
:10591400FB687B61BB68FB6197F82830002B23D1BF
:10592400BB8803339B083B610023BB6118E0FB7910
:105934001A037B69134403F580531A46FB691B68F9
:105944001360FB690133FB61FB690133FB61FB6994
:105954000133FB61FB690133FB61BB690133BB614B
:10596400BA693B699A42E2D3002318462437BD46FC
:1059740080BC704780B48BB000AFF860B960134648
:10598400FB80FB68BB61BB687B62FB889B089BB2A6
:105994007B61FB8803F00303FB8300233B6214E079
:1059A400BB6903F580531A687B6A1A607B6A01330A
:1059B4007B627B6A01337B627B6A01337B627B6A35
:1059C40001337B623B6A01333B623A6A7B699A42E8
:1059D400E6D3FB8B002B1ED000233B62BB6903F58F
:1059E40080531A4607F1100312681A603A693B6A39
:1059F400DBB2DB0022FA03F3DAB27B6A1A703B6A89
:105A040001333B627B6A01337B62FB8B013BFB838B
:105A1400FB8B002BEAD17B6A18462C37BD4680BC31
:105A2400704780B485B000AF786039607B68FB60F4
:105A34003B681B78BB603B685B78012B2CD1BB684F
:105A44005A01FB68134403F510631B68002B12DB37
:105A5400BB68002B0FD0BB685A01FB68134403F5E5
:105A640010631B68BA685101FA680A4402F51062AF
:105A740023F080431360BB685A01FB68134403F5A9
:105A840010631B68BA685101FA680A4402F510628F
:105A940043F4001313602BE0BB685A01FB68134402
:105AA40003F530631B68002B12DBBB68002B0FD09F
:105AB400BB685A01FB68134403F530631B68BA687A
:105AC4005101FA680A4402F5306223F080431360FE
:105AD400BB685A01FB68134403F530631B68BA685A
:105AE4005101FA680A4402F5306243F4001313606A
:105AF400002318461437BD4680BC704780B485B077
:105B040000AF786039607B68FB603B681B78BB60E2
:105B14003B685B78012B28D1BB685A01FB681344AE
:105B240003F510631B68BA685101FA680A4402F568
:105B3400106223F4001313603B681B79032B03D01A
:105B44003B681B79022B38D1BB685A01FB681344AC
:105B540003F510631B68BA685101FA680A4402F538
:105B6400106243F08053136027E0BB685A01FB685E
:105B7400134403F530631B68BA685101FA680A4498
:105B840002F5306223F4001313603B681B79032B86
:105B940003D03B681B79022B0FD1BB685A01FB6809
:105BA400134403F530631B68BA685101FA680A4468
:105BB40002F5306243F08053136000231846143713
:105BC400BD4680BC704780B485B000AF78600B469A
:105BD400FB707B68FB60FB6803F500631B68FA6875
:105BE40002F5006223F4FE631360FB6803F50063AF
:105BF4001A68FB781B0103F4FE63F96801F5006180
:105C040013430B60002318461437BD4680BC70470D
:105C140080B485B000AF78607B68FB60FB6803F5F7
:105C240060631B68FA6802F5606223F00303136083
:105C3400FB6803F500635B68FA6802F5006223F011
:105C440002035360002318461437BD4680BC7047D6
:105C540080B485B000AF78607B68FB60FB6803F5B7
:105C640060631B68FA6802F5606223F00303136043
:105C7400FB6803F500635B68FA6802F5006243F0B1
:105C840002035360002318461437BD4680BC704796
:105C940080B485B000AF78607B685B69FB607B682B
:105CA4009B69FA681340FB60FB6818461437BD46CD
:105CB40080BC704780B485B000AF78607B68FB60BF
:105CC400FB6803F500639B69BB60FB6803F5006335
:105CD400DB69BA681340BB60BB681B0C18461437F9
:105CE400BD4680BC704780B485B000AF78607B68E7
:105CF400FB60FB6803F500639B69BB60FB6803F50D
:105D04000063DB69BA681340BB60BB689BB218468A
:105D14001437BD4680BC704780B485B000AF78604E
:105D24000B46FB707B68FB60FB785A01FB681344ED
:105D340003F530639B68BB60FB6803F500635B6934
:105D4400BA681340BB60BB6818461437BD4680BCB4
:105D5400704780B487B000AF78600B46FB707B68F7
:105D64007B617B6903F500631B693B617B6903F518
:105D740000635B6BFB60FB7803F00F03FA6822FAA5
:105D840003F3DB01DBB23A6913433B61FB785A014D
:105D94007B69134403F510639B683A691340BB6045
:105DA400BB6818461C37BD4680BC704780B483B0BE
:105DB40000AF78607B685B6903F0010318460C3719
:105DC400BD4680BC704780B485B000AF78607B6806
:105DD400FB60FB6803F510631B68FA6802F5106248
:105DE40023F4FF6323F007031360FB6803F50063E8
:105DF4005B68FA6802F5006243F480735360002321
:105E040018461437BD4680BC7047000080B487B084
:105E140000AFF8600B467A60FB72FB687B61FB683D
:105E24003C3304331B683B613B69254A93420AD9DE
:105E34007B6903F530631B6803F00043B3F1004F43
:105E440001D1002337E07B6903F530631A46002350
:105E540013617B6903F530631B697A6902F530626B
:105E640043F4002313617B6903F530631B697A698A
:105E740002F5306243F0180313617B6903F5306364
:105E84001B697A6902F5306243F0C0431361FB7AFF
:105E9400012B0FD17B6903F530631A467B6853618C
:105EA4007B6903F530631B687A6902F5306243F05D
:105EB40080231360002318461C37BD4680BC7047FE
:105EC4000A30544F80B485B000AF78600023FB6083
:105ED400FB680133FB60FB68B3F1706F01D90323E6
:105EE4001BE07B681B69002BF2DA0023FB607B68F4
:105EF4001B6943F001027B681A61FB680133FB6094
:105F0400FB68B3F1706F01D9032306E07B681B695A
:105F140003F00103012BF0D0002318461437BD46CB
:105F240080BC704780B584B000AF78600B46FB70CE
:105F34000023FB737B681B7C002B15D14FF400738B
:105F440002228121786801F0E8FE7B680122DA628E
:105F54004FF4007302220121786801F0DEFE7B68B1
:105F64000122C3F86C2112E04023022281217868C7
:105F740001F0D3FE7B680122DA6240230222012170
:105F8400786801F0CAFE7B680122C3F86C210823FB
:105F940003228221786801F0C0FE7B6801221A6422
:105FA4004FF4077002F00CF803461A467B68C3F8F6
:105FB400B8227B68D3F8B832002B02D10123FB73DB
:105FC40026E07B68D3F8B832BB607B68D3F8BC3278
:105FD4001B689847BB680022C3F81422BB680022E0
:105FE400C3F818227B681B7C002B09D1BB68D3F84B
:105FF40004224FF400730121786801F07EFF07E06A
:10600400BB68D3F8042240230121786801F075FFAE
:10601400FB7B18461037BD4680BD80B584B000AF09
:1060240078600B46FB700023FB738121786801F0D4
:106034009AFE7B680022DA620121786801F093FEFF
:106044007B680022C3F86C218221786801F08BFE02
:106054007B6800221A647B68D3F8B832002B0ED018
:106064007B68D3F8BC325B6898477B68D3F8B83256
:10607400184601F0ADFF7B680022C3F8B822FB7B11
:1060840018461037BD4680BD80B586B000AF786035
:1060940039607B68D3F8B8323B610023FB7300237B
:1060A400BB810023FB753B681B7803F06003002B66
:1060B40039D0202B7FD13B68DB88002B29D03B686B
:1060C4001B785BB2002B11DA7B68D3F8BC329B6877
:1060D4003A68507839693A68D288984739693B6890
:1060E400DB881A46786801F00FFA6BE03B685A784F
:1060F4003B6983F800223B68DB88DAB23B6983F8AA
:10610400012239693B68DB881A46786801F02AFA6B
:1061140058E07B68D3F8BC329B683A685078002218
:10612400396898474EE03B685B780B2B2ED00B2BDD
:1061340038DC002B02D00A2B14D033E07B6893F8B0
:106144009C32032B07D107F10C030222194678680D
:1061540001F0DAF92EE03968786801F06BF902236E
:10616400FB7527E07B6893F89C32032B07D107F17A
:106174000F0301221946786801F0C6F91AE039685C
:10618400786801F057F90223FB7513E07B6893F8F4
:106194009C32032B0DD03968786801F04BF9022347
:1061A400FB7506E03968786801F044F90223FB7551
:1061B40000E000BF06E03968786801F03BF902238B
:1061C400FB7500BFFB7D18461837BD4680BD80B502
:1061D40084B000AF78600B46FB707B68D3F8B832AC
:1061E400FB607B68D3F8C032BB607B68D3F8B832FD
:1061F400002B3AD0FA78796813469B0013449B002D
:106204000B441C331B68002B29D0FA787968134699
:106214009B0013449B000B441C331A68F978B8683C
:106224000B46DB000B449B0003441C331B68B2FB8E
:10623400F3F101FB03F3D31A002B10D1FA78796838
:1062440013469B0013449B000B441C3300221A602A
:10625400F97800230022786801F02CFE03E0FB6843
:106264000022C3F81422002300E00223184610374A
:10627400BD4680BD80B584B000AF78600B46FB702E
:106284007B68D3F8B832FB60FB781946786801F074
:1062940057FE0246FB68C3F80C227B68D3F8B83279
:1062A400002B0DD07B68D3F8BC32DB68FA68D2F8D7
:1062B4000402FA6802F5037211469847002300E0CD
:1062C400022318461037BD4680BD80B584B000AFA8
:1062D40078607B68D3F8B832FB607B68D3F8BC3253
:1062E400002B14D0FB6893F80032FF2B0FD07B688F
:1062F400D3F8BC329B68FA6892F80002F968FA682D
:1063040092F801229847FB68FF2283F800220023B9
:1063140018461037BD4680BD80B483B000AF7860A6
:106324007B6843221A80034B18460C37BD4680BC59
:10633400704700BF9400002080B483B000AF786041
:106344007B6843221A80034B18460C37BD4680BC39
:10635400704700BF5000002080B483B000AF786065
:106364007B6843221A80034B18460C37BD4680BC19
:10637400704700BFD800002080B483B000AF7860BD
:106384007B680A221A80034B18460C37BD4680BC32
:10639400704700BF0C00002080B485B000AF786067
:1063A40039600223FB733B68002B05D07B683A6895
:1063B400C3F8BC220023FB73FB7B18461437BD468D
:1063C40080BC704780B487B000AFF860B9601346F2
:1063D400FB80FB68D3F8B8327B617B69BA68C3F889
:1063E4000822FA887B69C3F81022002318461C3758
:1063F400BD4680BC704780B485B000AF786039601A
:106404007B68D3F8B832FB60FB683A68C3F80422AF
:10641400002318461437BD4680BC704780B584B04D
:1064240000AF78607B68D3F8B832FB607B68D3F840
:10643400B832002B17D07B681B7C002B09D1FB687A
:10644400D3F804224FF400730121786801F055FD5C
:1064540007E0FB68D3F8042240230121786801F0A7
:106464004CFD002300E0022318461037BD4680BDD2
:1064740080B584B000AFF860B9601346FB71FB6867
:10648400002B01D102231AE0FB68D3F8B432002BAD
:1064940003D0FB680022C3F8B422BB68002B03D0EE
:1064A400FB68BA68C3F8B022FB68012283F89C2217
:1064B400FB68FA791A70F86801F0CAFB00231846E1
:1064C4001037BD4680BD80B485B000AF78603960B8
:1064D4000023FB733B68002B06D07B683A68C3F843
:1064E400B4220023FB7301E00223FB73FB7B1846F9
:1064F4001437BD4680BC704780B582B000AF786069
:10650400786801F0EFFB002318460837BD4680BDCC
:1065140080B483B000AF7860002318460C37BD46C2
:1065240080BC704780B584B000AF78600B46FB70C8
:106534000223FB737B68D3F8B432002B0CD07B6846
:10654400D3F8B4321B68FA78114678689847034642
:10655400002B01D10023FB73FB7B18461037BD468B
:1065640080BD80B582B000AF78600B46FB707B685D
:10657400D3F8B4325B68FA781146786898470023F8
:1065840018460837BD4680BD80B582B000AF78603C
:1065940039607B6803F52A733968184600F011FFE7
:1065A4007B680122C3F894227B68B3F8AE321A46A2
:1065B4007B68C3F898227B6893F8A83203F01F0322
:1065C400022B16D0022B1CD8002B02D0012B08D092
:1065D40017E07B6803F52A731946786800F004FA1B
:1065E4001AE07B6803F52A731946786800F066FAA6
:1065F40012E07B6803F52A731946786800F0A6FA5E
:106604000AE07B6893F8A83223F07F03DBB21946D3
:10661400786801F0C7FB00BF002318460837BD4661
:1066240080BD80B586B000AFF8600B467A60FB721F
:10663400FB7A002B4BD1FB6803F5AA737B61FB68E3
:10664400D3F89432032B34D17B69DA687B691B69F4
:106654009A4219D97B69DA687B691B69D21A7B690A
:10666400DA607B69DA687B691B699A4203D27B69C9
:10667400DB689BB202E07B691B699BB21A467968AE
:10668400F86800F08DFF38E0FB68D3F8B4321B697A
:10669400002B0AD0FB6893F89C32032B05D1FB68CE
:1066A400D3F8B4321B69F8689847F86800F08AFF99
:1066B40023E0FB68D3F89432052B1ED1FB6800223B
:1066C400C3F894220021F86801F06CFB15E0FB6824
:1066D400D3F8B4329B69002B0DD0FB6893F89C323D
:1066E400032B08D1FB68D3F8B4329B69FA7A1146BC
:1066F400F868984701E0022300E0002318461837A1
:10670400BD4680BD80B586B000AFF8600B467A60A8
:10671400FB72FB7A002B7FD1FB6814337B61FB682F
:10672400D3F89432022B5CD17B69DA687B691B69EC
:106734009A4215D97B69DA687B691B69D21A7B692D
:10674400DA607B69DB689BB21A467968F86800F006
:10675400F7FE002300220021F86801F0CEFB4EE092
:106764007B699B687A691269B3FBF2F101FB02F25F
:106774009B1A002B1CD17B699A687B691B699A421E
:1067840016D37B699A68FB68D3F898329A420FD281
:1067940000220021F86800F0D3FEFB680022C3F851
:1067A4009822002300220021F86801F0A6FB26E0CD
:1067B400FB68D3F8B432DB68002B0AD0FB6893F88B
:1067C4009C32032B05D1FB68D3F8B432DB68F8683C
:1067D40098478021F86801F0E5FAF86800F005FFB1
:1067E4000DE0FB68D3F89432042B04D0FB68D3F893
:1067F4009432002B03D18021F86801F0D3FAFB68AE
:1068040093F8A032012B1DD1F868FFF781FEFB68D5
:10681400002283F8A02215E0FB68D3F8B4325B6948
:10682400002B0DD0FB6893F89C32032B08D1FB6836
:10683400D3F8B4325B69FA7A1146F868984701E0F4
:10684400022300E0002318461837BD4680BD80B5FA
:1068540082B000AF7860402300220021786801F004
:106864005CFA7B680122C3F858217B684022C3F894
:106874006421402300228021786801F04EFA7B686D
:1068840001229A617B6840225A627B68012283F864
:106894009C227B680022C3F894227B6800225A6001
:1068A4007B680022C3F8A4227B68D3F8B832002B9B
:1068B40009D07B68D3F8B4325B687A685268D2B284
:1068C400114678689847002318460837BD4680BDAE
:1068D40080B483B000AF78600B46FB707B68FA78B5
:1068E4001A74002318460C37BD4680BC704780B428
:1068F40083B000AF78607B6893F89C227B6883F850
:106904009D227B68042283F89C22002318460C37BE
:10691400BD4680BC704780B483B000AF78607B68AC
:1069240093F89C32042B05D17B6893F89D227B68F5
:1069340083F89C22002318460C37BD4680BC704760
:1069440080B582B000AF78607B6893F89C32032BEB
:106954000BD17B68D3F8B432DB69002B05D07B689C
:10696400D3F8B432DB6978689847002318460837AF
:10697400BD4680BD80B483B000AF78600B46FB7029
:10698400002318460C37BD4680BC704780B483B0E2
:1069940000AF78600B46FB70002318460C37BD46E9
:1069A40080BC704780B483B000AF78600023184681
:1069B4000C37BD4680BC704780B582B000AF7860AC
:1069C4007B68012283F89C227B68D3F8B4325B682D
:1069D4007A685268D2B211467868984700231846FC
:1069E4000837BD4680BD000080B584B000AF786034
:1069F40039600023FB733B681B7803F06003402B72
:106A040005D0402B4FD8002B09D0202B4BD17B68CD
:106A1400D3F8B4329B6839687868984748E03B6893
:106A24005B78092B39D801A252F823F0816A000857
:106A3400956A00089F6A00088B6A00089F6A00082C
:106A4400636A0008596A00089F6A0008776A0008A8
:106A54006D6A00083968786800F0DCF922E039686A
:106A6400786800F03FFB1DE03968786800F07EFB31
:106A740018E03968786800F007FC13E03968786832
:106A840000F037FC0EE03968786800F065FC09E036
:106A94003968786800F074FC04E03968786800F0BC
:106AA400C9FC00BF04E03968786800F0C3FC00BF8B
:106AB400FB7B18461037BD4680BD00BF80B584B04F
:106AC40000AF786039600023FB733B681B7803F0E8
:106AD4006003402B05D0402B2ED8002B01D0202B57
:106AE4002AD17B6893F89C32013B022B1DD83B686A
:106AF4009B88DBB2012B13D87B68D3F8B4329B6834
:106B04003968786898470346FB733B68DB88002B39
:106B140010D1FB7B002B0DD1786800F053FD09E008
:106B24003968786800F086FC04E03968786800F019
:106B340081FC00E000BF04E03968786800F07AFC6A
:106B440000BF002318461037BD4680BD80B584B011
:106B540000AF786039600023FB733B689B88BB738C
:106B64003B681B7803F06003402B07D0402B00F2F6
:106B74004681002B0AD0202B40F041817B68D3F85A
:106B8400B4329B683968786898473DE13B681B7864
:106B940003F06003202B0AD17B68D3F8B4329B68DE
:106BA4003968786898470346FB73FB7B2DE13B68A3
:106BB4005B78032B07D0032B00F31B81002B72D0CF
:106BC400012B3AD015E17B6893F89C32022B02D05A
:106BD400032B15D02BE0BB7B002B0CD0BB7B802B75
:106BE40009D0BB7B1946786801F0DCF8802178680D
:106BF40001F0D8F820E03968786800F01BFC1BE04D
:106C04003B685B88002B0ED1BB7B002B0BD0BB7B7E
:106C1400802B08D03B68DB88002B04D1BB7B194652
:106C2400786801F0BFF8786800F0CCFC04E03968BB
:106C3400786800F0FFFB00BFE0E07B6893F89C32CB
:106C4400022B02D0032B15D026E0BB7B002B0CD0EB
:106C5400BB7B802B09D0BB7B1946786801F0A2F876
:106C64008021786801F09EF81CE03968786800F0AB
:106C7400E1FB17E03B685B88002B12D1BB7B03F080
:106C84007F03002B04D0BB7B1946786801F0A9F878
:106C9400786800F097FC04E03968786800F0CAFB73
:106CA40000E000BFAAE07B6893F89C32022B02D07C
:106CB400032B32D097E0BB7B002B07D0BB7B802B10
:106CC40004D03968786800F0B5FB91E097F90E308C
:106CD400002B0BDABB7B03F07F0213469B001344AB
:106CE4009B0010337A68134404330BE0BB7B03F03E
:106CF4007F0213469B0013449B0003F5A8737A6834
:106D040013440433BB60BB6800221A60BB680222D0
:106D14001946786800F0F8FB6AE097F90E30002B0A
:106D240011DABB7B03F00F02796813469B0013440E
:106D34009B000B4418331B68002B17D13968786803
:106D440000F078FB54E0BB7B03F00F027968134634
:106D54009B0013449B000B4403F5AC731B68002B8E
:106D640004D13968786800F065FB41E097F90E308A
:106D7400002B0BDABB7B03F07F0213469B0013440A
:106D84009B0010337A68134404330BE0BB7B03F09D
:106D94007F0213469B0013449B0003F5A8737A6893
:106DA40013440433BB60BB7B002B02D0BB7B802B22
:106DB40003D1BB6800221A600EE0BB7B19467868D9
:106DC40001F02EF80346002B03D0BB6801221A60A1
:106DD40002E0BB6800221A60BB6802221946786888
:106DE40000F092FB04E03968786800F023FB00BFF0
:106DF40004E03968786800F01DFB00BF04E03968DE
:106E0400786800F017FB00BFFB7B18461037BD46BF
:106E140080BD000080B584B000AF78603960002385
:106E24003B810023FB600023FB723B685B881B0AE9
:106E34009BB2013B062B00F2288101A252F823F0F9
:106E4400616E0008796E0008B96E00088F70000842
:106E54008F7000082F7000085B7000087B68D3F8FF
:106E6400B0321B687A68127C07F108011046984713
:106E7400F86012E17B681B7C002B0DD17B68D3F892
:106E8400B4329B6A07F1080210469847F860FB6821
:106E9400013302221A7000E17B68D3F8B432DB6A52
:106EA40007F1080210469847F860FB680133022294
:106EB4001A70F2E03B685B88DBB2052B00F2AC8011
:106EC40001A252F823F000BFE56E0008196F000814
:106ED4004D6F0008816F0008B56F0008E96F000866
:106EE4007B68D3F8B0325B68002B0BD07B68D3F897
:106EF400B0325B687A68127C07F108011046984743
:106F0400F86091E03968786800F094FAFB7A01330C
:106F1400FB7289E07B68D3F8B0329B68002B0BD0FE
:106F24007B68D3F8B0329B687A68127C07F1080159
:106F340010469847F86077E03968786800F07AFA84
:106F4400FB7A0133FB726FE07B68D3F8B032DB6805
:106F5400002B0BD07B68D3F8B032DB687A68127CE4
:106F640007F1080110469847F8605DE039687868D1
:106F740000F060FAFB7A0133FB7255E07B68D3F8CA
:106F8400B0321B69002B0BD07B68D3F8B0321B697D
:106F94007A68127C07F1080110469847F86043E0CC
:106FA4003968786800F046FAFB7A0133FB723BE0FB
:106FB4007B68D3F8B0325B69002B0BD07B68D3F8C5
:106FC400B0325B697A68127C07F108011046984771
:106FD400F86029E03968786800F02CFAFB7A01330C
:106FE400FB7221E07B68D3F8B0329B69002B0BD095
:106FF4007B68D3F8B0329B697A68127C07F1080188
:1070040010469847F8600FE03968786800F012FA83
:10701400FB7A0133FB7207E03968786800F00AFAFA
:10702400FB7A0133FB7238E037E07B681B7C002B72
:1070340009D17B68D3F8B4325B6B07F108021046C0
:107044009847F86029E03968786800F0F3F9FB7A2A
:107054000133FB7221E07B681B7C002B0DD17B6824
:10706400D3F8B4321B6B07F1080210469847F86056
:10707400FB68013307221A700FE03968786800F062
:10708400D9F9FB7A0133FB7207E03968786800F0BC
:10709400D1F9FB7A0133FB7200BFFB7A002B1CD1C0
:1070A4003B89002B11D03B68DB88002B0DD03B685B
:1070B400DA883B89934228BF13469BB23B813B89C4
:1070C4001A46F968786800F01FFA3B68DB88002BE1
:1070D40004D1786800F076FA00E000BF1037BD46AE
:1070E40080BD00BF80B584B000AF786039603B6874
:1070F4009B88002B30D13B68DB88002B2CD13B686C
:107104005B887F2B28D83B685B88DBB203F07F0366
:10711400FB737B6893F89C32032B04D1396878683D
:1071240000F088F91DE07B68FA7B83F89E22FB7BE4
:107134001946786800F09FFE786800F043FAFB7BFC
:10714400002B04D07B68022283F89C2209E07B6830
:10715400012283F89C2204E03968786800F06AF917
:1071640000BF00BF1037BD4680BD000080B582B0AF
:1071740000AF786039603B685B88DAB2414B1A70C3
:10718400404B1B78012B04D93968786800F052F918
:1071940075E07B6893F89C32022B02D0032B23D03A
:1071A40062E0384B1B78002B1AD0364B1B781A46FA
:1071B4007B685A607B68032283F89C22314B1B78DE
:1071C40019467868FFF7AEF90346022B04D13968F3
:1071D400786800F02FF952E0786800F0F3F94EE097
:1071E400786800F0EFF94AE0264B1B78002B12D1A7
:1071F4007B68022283F89C22224B1B781A467B6808
:107204005A60204B1B7819467868FFF7AAF978680A
:1072140000F0D8F933E01B4B1B781A467B685B6897
:107224009A421DD07B685B68DBB219467868FFF729
:1072340098F9144B1B781A467B685A60114B1B78DB
:1072440019467868FFF76EF90346022B04D13968B2
:10725400786800F0EFF812E0786800F0B3F90EE017
:10726400786800F0AFF90AE03968786800F0E2F86D
:10727400044B1B7819467868FFF773F900BF083789
:10728400BD4680BD5403002080B582B000AF786055
:1072940039603B68DB88012B04D03968786800F0DA
:1072A400C9F822E07B6893F89C32022B02DC002BA5
:1072B40003DC15E0032B0BD012E07B6800229A60FC
:1072C4007B68083301221946786800F01DF90CE048
:1072D4007B68043301221946786800F015F904E04C
:1072E4003968786800F0A6F800BF00BF0837BD46CB
:1072F40080BD80B582B000AF786039607B6893F858
:107304009C32013B022B1ED83B68DB88022B04D045
:107314003968786800F08EF81AE07B680122DA6038
:107324007B68D3F8A432002B05D07B68DB6843F07C
:1073340002027B68DA607B680C33022219467868A3
:1073440000F0E2F804E03968786800F073F800BFF0
:1073540000BF0837BD4680BD80B582B000AF7860FD
:1073640039603B685B88012B06D17B680122C3F836
:10737400A422786800F026F900BF0837BD4680BD16
:1073840080B582B000AF786039607B6893F89C3236
:10739400013B022B0BD83B685B88012B0CD17B682B
:1073A4000022C3F8A422786800F00CF904E03968DC
:1073B400786800F03FF800E000BF00BF0837BD4622
:1073C40080BD80B483B000AF786039603B681A78C0
:1073D4007B681A703B685A787B685A703B68023342
:1073E4001B781A463B6803331B781B029BB2134479
:1073F4009AB27B685A803B6804331B781A463B6810
:1074040005331B781B029BB213449AB27B689A80A3
:107414003B6806331B781A463B6807331B781B020C
:107424009BB213449AB27B68DA8000BF0C37BD4626
:1074340080BC704780B582B000AF7860396080212D
:10744400786800F0AFFC0021786800F0ABFC00BF66
:107454000837BD4680BD80B586B000AFF860B9601E
:107464007A600023FB75FB68002B32D0F86800F0CB
:1074740034F8034601339BB25B009AB27B681A80EE
:10748400FB7D5A1CFA751A46BB6813447A68127855
:107494001A70FB7D5A1CFA751A46BB681344032202
:1074A4001A7012E0FB685A1CFA60FA7D511CF975D7
:1074B4001146BA680A441B781370FB7D5A1CFA758E
:1074C4001A46BB68134400221A70FB681B78002B11
:1074D400E8D100BF1837BD4680BD80B485B000AF89
:1074E40078600023FB7305E0FB7B0133FB737B684F
:1074F40001337B607B681B78002BF5D1FB7B18463E
:107504001437BD4680BC704780B584B000AFF860C6
:10751400B9601346FB80FB680222C3F89422FA8800
:10752400FB68DA61FA88FB681A62FB88BA68002192
:10753400F86800F0BFFC002318461037BD4680BD34
:1075440080B584B000AFF860B9601346FB80FB8857
:10755400BA680021F86800F0ADFC00231846103723
:10756400BD4680BD80B584B000AFF860B9601346F5
:10757400FB80FB680322C3F89422FA88FB68C3F8F3
:107584005C21FA88FB68C3F86021FB88BA68002193
:10759400F86800F0B2FC002318461037BD4680BDE1
:1075A40080B584B000AFF860B9601346FB80FB88F7
:1075B400BA680021F86800F0A0FC002318461037D0
:1075C400BD4680BD80B582B000AF78607B68042280
:1075D400C3F89422002300220021786800F06AFC9A
:1075E400002318460837BD4680BD80B582B000AF81
:1075F40078607B680522C3F89422002300220021CE
:10760400786800F07AFC002318460837BD4680BD30
:1076140080B500AF002212491248FEF729FF034645
:10762400002B01D0F9F7E0FA0F490E48FEF74BFFA3
:107634000346002B01D0F9F7D7FA0C490948FEF7A5
:10764400ABFE0346002B01D0F9F7CEFA0548FEF74E
:1076540053FF0346002B01D0F9F7C6FA00BF80BDE3
:107664002C01002058030020180000201C010020D9
:1076740080B500AF002205490548FEF7A3FE054981
:107684000348FEF7B8FE0023184680BD1C0E0020F8
:10769400580300201C06002080B400AF00231846C5
:1076A400BD4680BC7047000080B483B000AF034681
:1076B4003960FB711346BB80FB79232B4AD801A2A6
:1076C40052F823F0597700085977000859770008D1
:1076D4005977000859770008597700085977000846
:1076E4005977000859770008597700085977000836
:1076F4005977000859770008597700085977000826
:107704005977000859770008597700085977000815
:107714005977000859770008597700085977000805
:1077240059770008597700085977000859770008F5
:1077340059770008597700085977000859770008E5
:1077440059770008597700085977000859770008D5
:107754005977000800BF002318460C37BD4680BC8B
:10776400704700BF80B582B000AF78603960796837
:107774000548FEF740FE0448FEF750FE0023184675
:107784000837BD4680BD00BF5803002080B483B0D5
:1077940000AF03463960FB713B6812221A80034B29
:1077A40018460C37BD4680BC704700BF4801002016
:1077B40080B483B000AF03463960FB713B68042298
:1077C4001A80034B18460C37BD4680BC704700BF77
:1077D4005C01002080B582B000AF03463960FB71C4
:1077E400FB79002B05D13A6807490848FFF733FEB7
:1077F40004E03A6804490548FFF72DFE024B184699
:107804000837BD4680BD00BF1C160020948F0008B9
:1078140080B582B000AF03463960FB713A68044911
:107824000448FFF718FE024B18460837BD4680BDD2
:107834001C160020AC8F000880B582B000AF034650
:107844003960FB713B681A221A8000F043F8024B3E
:1078540018460837BD4680BD6001002080B582B05F
:1078640000AF03463960FB71FB79002B05D13A6800
:1078740007490848FFF7EFFD04E03A680449054862
:10788400FFF7E9FD024B18460837BD4680BD00BF2F
:107894001C160020C08F000880B582B000AF0346DC
:1078A4003960FB71FB79002B05D13A680749084818
:1078B400FFF7D1FD04E03A6804490548FFF7CBFD22
:1078C400024B18460837BD4680BD00BF1C16002079
:1078D400CC8F000880B584B000AF0F4B1B68FB60F1
:1078E4000E4B1B68BB600E4B1B687B60FA687B68A1
:1078F4001344FB60FB68002B09D008220949F8688F
:1079040000F014F804220849B86800F00FF800BF2A
:107914001037BD4680BD00BF107AFF1F147AFF1FC9
:10792400187AFF1F620100207201002080B487B022
:1079340000AFF860B9601346FB710023FB750023A8
:10794400FB7527E0FB681B0F092B0BD8FB681B0F8B
:10795400DAB2FB7D5B001946BB680B443032D2B20D
:107964001A700AE0FB681B0FDAB2FB7D5B00194654
:10797400BB680B443732D2B21A70FB681B01FB6040
:10798400FB7D5B000133BA68134400221A70FB7D4F
:107994000133FB75FA7DFB799A42D3D300BF00BF54
:1079A4001C37BD4680BC704780B58AB000AF786094
:1079B40007F1140300221A605A609A60DA601A61AF
:1079C4007B681B68B3F1A04F47D100233B61254B73
:1079D4001B6B244A43F001031363224B1B6B03F01C
:1079E40001033B613B694FF400737B610023BB617E
:1079F4000023FB6107F1140319461B48FAF73EFB09
:107A04004FF4C0537B610223BB610023FB6103235A
:107A14003B620A237B6207F1140319461248FAF702
:107A24002DFB104B5B6B0F4A43F080035363002321
:107A3400FB600C4B5B6C0B4A43F480435364094B6F
:107A44005B6C03F48043FB60FB680022002143204D
:107A5400FAF7DDFA4320FAF7F6FA00BF2837BD46F5
:107A640080BD00BF003802400000024080B582B0F3
:107A740000AF78607B68D3F8D8247B6803F29C431A
:107A840019461046FEF780FD00BF0837BD4680BD8D
:107A940080B582B000AF78600B46FB707B68D3F88A
:107AA400D804FA7879681346DB0013449B000B442E
:107AB40003F518731A68FB781946FEF7B2FD00BF88
:107AC4000837BD4680BD80B582B000AF78600B46F4
:107AD400FB707B68D3F8D804FA7879681346DB0026
:107AE40013449B000B4420331A68FB781946FEF7B5
:107AF40009FE00BF0837BD4680BD80B582B000AF27
:107B040078607B68D3F8D8341846FEF719FF00BFB5
:107B14000837BD4680BD80B584B000AF78600123CE
:107B2400FB737B68DB79002B02D10023FB7308E035
:107B34007B68DB79022B02D10123FB7301E0F9F7A7
:107B440053F87B68D3F8D834FA7B11461846FEF70D
:107B5400BFFE7B68D3F8D8341846FEF778FE00BF22
:107B64001037BD4680BD000080B582B000AF78609C
:107B74007B68D3F8D8341846FEF7B9FE7B681B68D7
:107B840003F560631B687A68126802F5606243F06B
:107B9400010313607B68DB7A002B05D0044B1B695F
:107BA400034A43F00603136100BF0837BD4680BD96
:107BB40000ED00E080B582B000AF78607B68D3F858
:107BC400D8341846FEF7A7FE00BF0837BD4680BD6F
:107BD40080B582B000AF78600B46FB707B68D3F849
:107BE400D834FA7811461846FEF7D0FE00BF08379D
:107BF400BD4680BD80B582B000AF78600B46FB7097
:107C04007B68D3F8D834FA7811461846FEF7B2FEEA
:107C140000BF0837BD4680BD80B582B000AF786034
:107C24007B68D3F8D8341846FEF7BCFE00BF08378B
:107C3400BD4680BD80B582B000AF78607B68D3F864
:107C4400D8341846FEF7B8FE00BF0837BD4680BDDD
:107C540080B582B000AF78607B681B78002B39D187
:107C64001F4A7B68C2F8D8347B681D4AC3F8C02217
:107C74001B4B4FF0A0421A60194B04221A71184B87
:107C84000222DA71164B00229A71154B02225A72A3
:107C9400134B00229A72124B0022DA72104B01220B
:107CA4009A730F4B0022DA730D48FAF729FD034645
:107CB400002B01D0F8F798FF80210948FBF730FF2B
:107CC400402200210648FBF7E5FE802201210448FA
:107CD400FBF7E0FE002318460837BD4680BD00BF11
:107CE4001C18002080B584B000AF78600023FB73BB
:107CF4000023BB737B68D3F8C0321846FAF70FFE33
:107D04000346FB73FB7B184600F02EF90346BB7356
:107D1400BB7B18461037BD4680BD80B584B000AF2C
:107D24007860084611461A460346FB700B46BB7042
:107D340013463B800023FB730023BB737B68D3F89B
:107D4400C002BB783A88F978FBF7C2FA0346FB73A2
:107D5400FB7B184600F008F90346BB73BB7B18464F
:107D64001037BD4680BD80B584B000AF78600B4647
:107D7400FB700023FB730023BB737B68D3F8C03212
:107D8400FA7811461846FBF70BFB0346FB73FB7BA3
:107D9400184600F0E9F80346BB73BB7B184610375E
:107DA400BD4680BD80B584B000AF78600B46FB70E3
:107DB4000023FB730023BB737B68D3F8C032FA78CB
:107DC40011461846FBF7C2FB0346FB73FB7B1846C0
:107DD40000F0CAF80346BB73BB7B18461037BD4698
:107DE40080BD80B584B000AF78600B46FB70002383
:107DF400FB730023BB737B68D3F8C032FA78114657
:107E04001846FBF706FC0346FB73FB7B184600F0A1
:107E1400ABF80346BB73BB7B18461037BD4680BD29
:107E240080B485B000AF78600B46FB707B68D3F8F4
:107E3400C032FB6097F90330002B0BDAFB7803F0B8
:107E44007F02F9681346DB0013449B000B4416338E
:107E54001B780BE0FB7803F07F02F9681346DB0024
:107E640013449B000B4403F256231B781846143723
:107E7400BD4680BC704780B584B000AF78600B46C7
:107E8400FB700023FB730023BB737B68D3F8C03201
:107E9400FA7811461846FBF7F7F90346FB73FB7BA8
:107EA400184600F061F80346BB73BB7B18461037D5
:107EB400BD4680BD80B586B000AFF8607A601A46D2
:107EC4000B46FB7213463B810023FB750023BB75F5
:107ED400FB68D3F8C0023B89F97A7A68FBF7FCFAAD
:107EE4000346FB75FB7D184600F03EF80346BB7560
:107EF400BB7D18461837BD4680BD80B586B000AF3F
:107F0400F8607A601A460B46FB7213463B810023E5
:107F1400FB750023BB75FB68D3F8C0023B89F97A73
:107F24007A68FBF787FA0346FB75FB7D184600F079
:107F34001BF80346BB75BB7D18461837BD4680BD8C
:107F440080B582B000AF78600B46FB707B68D3F8D5
:107F5400C032FA7811461846FBF7A7FA03461846CA
:107F64000837BD4680BD000080B485B000AF03462D
:107F7400FB710023FB73FB79032B17D801A252F882
:107F840023F000BF997F00089F7F0008A57F0008A9
:107F9400AB7F00080023FB730BE00223FB7308E0B4
:107FA4000123FB7305E00223FB7302E00223FB734E
:107FB40000BFFB7B18461437BD4680BC704700BF2A
:107FC400024B0146186800F02DB800BF880100205C
:107FD400024B0146186800F047BB00BF880100202F
:107FE40070B50F4E0C463168054611B900F0ECFA35
:107FF40030602146284600F0E7FA431C03D14FF0D5
:10800400FF34204670BDC41C24F00304A042F8D001
:10801400211A284600F0D8FA0130F2D1EFE700BF68
:10802400F81C00202DE9F843CD1C25F00305083584
:108034000C2D38BF0C25002D064601DBA94204D9BE
:108044000C2333600020BDE8F883DFF8D48000F00F
:1080540069F8D8F800301C4644BB29463046FFF77F
:10806400BFFF431C044658D1D8F800402746002FD0
:1080740043D1002C4BD023683946304604EB030926
:1080840000F0A2FA814542D1216830466D1A294692
:10809400FFF7A6FF01303AD023682B442360D8F8B9
:1080A40000305A6862BBC8F800700FE02268521BA7
:1080B40020D40B2A17D96119A342256018BF59602F
:1080C400636808BFC8F8001062514B60304600F086
:1080D4002FF804F10B00231D20F00700C21A1CBF67
:1080E4001B1AA350AFE76268A3420CBFC8F8002074
:1080F4005A60EBE723466468AEE73C467F68B6E720
:108104001A465B68A342FBD100235360DEE70C23CD
:108114003046336000F00CF894E70560D6E700BF02
:10812400FC1C0020014800F09CBA00BF401E002047
:10813400014800F097BA00BF401E0020002310B58C
:108144000446C0E90033C0E9043383608181436697
:10815400C2818361194608225C3000F0F9F90D4BA5
:10816400246263620C4BA3620C4BE3620C4B2363EB
:108174000C4B9C4206D003F16802944202D0D033E7
:108184009C4205D104F15800BDE8104000F068BAE3
:1081940010BD00BFA5830008C7830008FF83000843
:1081A40023840008001D0020024A0349034800F00C
:1081B40069B800BF7C0100209D8D00088C0100205F
:1081C40041680C4B10B59942044601D000F0E4FD1F
:1081D400A168094B994202D0204600F0DDFDE16818
:1081E400064B994204D02046BDE8104000F0D4BDAF
:1081F40010BD00BF001D0020681D0020D01D002000
:1082040010B50B4B0B4C0C4A20461A60042100227B
:10821400FFF794FF04F1680001220921FFF78EFFA4
:1082240004F1D0000222BDE810401221FFF786BFFE
:10823400381E0020001D0020AD810008014800F018
:1082440010BA00BF411E0020014800F00BBA00BF65
:10825400411E002010B50446FFF7F0FF236A1BB14E
:10826400BDE81040FFF7F0BF044B2362044B1B68CA
:10827400002BF5D1FFF7C4FFF2E700BFC58100086A
:10828400381E00202DE9F843074688461446002688
:10829400D4E90195B9F1010905D52468002CF7D179
:1082A4003046BDE8F883AB89012B07D9B5F90E3008
:1082B400013303D029463846C04706436835E9E709
:1082C4000FB407B5064904AB086853F8042B81685A
:1082D400019300F039FA03B05DF804EB04B0704781
:1082E40088010020036A70B505460E4684680BB900
:1082F400FFF7B0FF636EDB0705D4A389980502D4AA
:10830400A06D00F0AEF9A389190702D52369002BEB
:1083140035D12146284600F0C5F880B34FF0FF352B
:10832400636EDA0705D4A3899B0502D4A06D00F01F
:1083340099F9284670BD002B04DAA2699A4217DC29
:108344000A2915D023685A1C22601970A36816F8EC
:10835400011F013BA3600029EDD1002B11DA224655
:108364000A21284600F05FF80130D7D00A25D7E764
:108374002246284600F057F80130E7D1CEE7013E07
:10838400E4E723685A1C22600A221A70EEE7000010
:10839400024B01461868FFF7A5BF00BF8801002003
:1083A40010B50C46B1F90E1000F0FCF80028ABBF74
:1083B400636DA3891B1823F48053ACBF6365A38149
:1083C40010BD2DE9F0411F468B890546DB050C469F
:1083D400164605D502230022B1F90E1000F0D0F89C
:1083E400A389324623F48053A38128463B46B4F93B
:1083F4000E10BDE8F04100F0F7B810B50C46B1F925
:108404000E1000F0BDF8431CA38915BF606523F46A
:10841400805343F48053A38118BFA38110BDB1F9E5
:108424000E1000F09DB8F8B50E461446054618B176
:10843400036A0BB9FFF70EFFA369A360A3891A07A8
:1084440001D5236943B92146284600F02BF818B119
:108454004FF0FF373846F8BD23682269F6B2981A00
:1084640063693746834205DC2146284600F094FCC4
:108474000028EDD1A368013BA36023685A1C226045
:108484001E706269431C9A4204D0A389DB07E1D5BC
:108494000A2EDFD12146284600F07EFC0028D9D0E0
:1084A400D6E7000038B5294B054618680C4618B1C4
:1084B400036A0BB9FFF7CEFEB4F90C30190722D4C6
:1084C400DA0607D409222A6043F040034FF0FF3054
:1084D400A38133E0580712D5616B41B104F1440321
:1084E400994202D0284600F0BFF800236363A389B1
:1084F40023F02403A3810023636023692360A389F9
:1085040043F00803A38123694BB9A38903F42073BF
:10851400B3F5007F03D02146284600F08AFCB4F965
:108524000C3013F001020AD00022A26062695242A8
:10853400A261226942B913F08000C5D138BD990700
:1085440058BF6269A260F4E70020F7E788010020C1
:1085540003460244934200D1704703F8011BF9E734
:1085640038B50023054D044608462B60F8F7F7FCA0
:10857400431C02D12B6803B1236038BD3C1E00208C
:1085840038B50446084611460022054D2A601A46AD
:10859400F8F709FD431C02D12B6803B1236038BDF1
:1085A4003C1E002038B50446084611460022054DFD
:1085B4002A601A46F8F7B6FC431C02D12B6803B1B3
:1085C400236038BD3C1E002038B50023054D044609
:1085D40008462B60F8F7F4FC431C02D12B6803B166
:1085E400236038BD3C1E002038B5044608461146B9
:1085F4000022054D2A601A46F7F77CFF431C02D17E
:108604002B6803B1236038BD3C1E0020014B186861
:10861400704700BF8801002070B500260C4D0D4C3A
:10862400641BA410A64209D100F070FC00260A4D78
:108634000A4C641BA410A64205D170BD55F8043B36
:1086440098470136EEE755F8043B98470136F2E7C0
:1086540030900008309000083090000834900008F2
:10866400704770477047000038B50546002940D070
:1086740051F8043C0C1F002BB8BFE418FFF752FD5F
:108684001C4A136833B9636014602846BDE8384057
:10869400FFF74EBDA34208D9206821188B4201BFC1
:1086A40019685B6809182160EDE71A465B680BB12D
:1086B400A342FAD911685018A0420BD12068014492
:1086C400501883421160E0D118685B680844106058
:1086D4005360DAE702D90C232B60D6E7206821180F
:1086E4008B4201BF19685B6809182160636054609C
:1086F400CBE738BDFC1C0020936810B4013B002B71
:10870400936007DA9469A34201DB0A2902D110BC01
:10871400FFF789BE1368581C10601970084610BC16
:108724007047F8B506460F461446D518AC4201D139
:10873400002007E03A46304614F8011BFFF7DCFF3F
:10874400431CF3D1F8BD00002DE9F04F0D4614464B
:10875400984606469DB018B1036A0BB9FFF77AFD37
:108764006B6ED90705D4AB899A0502D4A86DFFF7BF
:1087740078FFAB891B0701D52B699BB92946304685
:10878400FFF790FE70B16B6EDC0704D54FF0FF303D
:108794001DB0BDE8F08FAB899805F7D4A86DFFF73D
:1087A40061FFF3E70023099320238DF82930302358
:1087B4004FF00109CDF80C80DFF8A8818DF82A303C
:1087C40023469A4613F8012B0AB1252AF9D1BAEBAC
:1087D400040B0BD05B46224629463046FFF7A1FF27
:1087E400013000F0A780099A5A4409929AF800309F
:1087F400002B00F09F8000234FF0FF32CDE90523CA
:108804000AF1010A049307938DF853301A935446DE
:10881400052214F8011B534800F06AFB049AD8B9E6
:10882400D10644BF20238DF85330130744BF2B23B4
:108834008DF853309AF800302A2B15D05446002076
:108844004FF00A0C079A214611F8013B303B092BE3
:108854004BD9B0B1079214E0A0EB080309FA03F373
:108864001343A2460493D2E7039B191D1B6803918B
:10887400002BBBBF5B4242F0020207930793B8BFD1
:10888400049223782E2B0AD163782A2B32D1039BAE
:1088940002341A1D1B68039243EAE3730593DFF85D
:1088A400C8A003225046217800F022FB38B14022B0
:1088B400049BA0EB0A00824013430134049314F890
:1088C400011B062229488DF8281000F011FB00280E
:1088D4003FD0274B1BBB039B073323F0070308330D
:1088E4000393099B3B4409936AE70C4601200CFB64
:1088F4000232A8E700234FF00A0C1946013405930D
:10890400204610F8012B303A092A03D9002BC6D08F
:108914000591C4E7044601230CFB0121F0E703ABF6
:1089240000932A463046134B04A9AFF30080074650
:10893400781CD6D16B6ED90705D4AB899A0502D4BD
:10894400A86DFFF78FFEAB895B063FF51FAF099853
:108954001EE703AB00932A463046064B04A900F0F9
:108964007DF8E4E7F48F0008FA8F0008FE8F000812
:1089740000000000278700082DE9F04716469846B6
:108984008A680B6907469342B8BF1346336091F86F
:1089940043200C46DDF820900AB10133336023688C
:1089A400990642BF336802333360256815F0060523
:1089B40006D104F1190AE36832689B1AAB422BDC36
:1089C40094F843302268003B18BF0123920630D448
:1089D4004146384604F14302C847013023D0236896
:1089E400226903F00603042B14BF002533684FF0FB
:1089F400000608BFE56804F11A0408BFED1A54F82C
:108A0400123C08BF25EAE5759342C4BF9B1AED18D2
:108A1400B5421AD1002008E00123524641463846A7
:108A2400C847013003D14FF0FF30BDE8F08701356E
:108A3400C1E73020E11881F843005A1C94F845102E
:108A44002244023382F84310C2E7012322464146FE
:108A54003846C8470130E6D00136D9E72DE9FF474B
:108A64000F7E9146782F80460C469A460C9E01F163
:108A7400430207D8622F0AD8002F00F0D180582F64
:108A840000F0B88004F1420684F842703AE0A7F19D
:108A94006303152BF6D801A151F823F0F98A0008D5
:108AA4000D8B0008898A0008898A0008898A0008D1
:108AB400898A00080D8B0008898A0008898A0008C1
:108AC400898A0008898A00080B8C0008378B000803
:108AD400C58B0008898A0008898A00082D8C000843
:108AE400898A0008378B0008898A0008898A000867
:108AF400CD8B000833681A1D1B68326004F14206EE
:108B040084F8423001239CE033682068191D3160E9
:108B1400060601D51D6803E04506FBD5B3F90050F0
:108B2400002D03DA2D236D4284F843300A2358487C
:108B340011E021683368080653F8045B02D449063F
:108B440048BFADB26F2F336014BF0A2308235048C7
:108B5400002184F843106668002EA66005DB2168B6
:108B64002E4321F0040121604BD01646B5FBF3F1EE
:108B740003FB1157C75D06F8017D2F46BB420D4626
:108B8400F4D9082B0BD12368DF0708D52369616862
:108B94009942DEBF302306F8013C06F1FF36921BF2
:108BA40022614B4621464046CDF800A003AAFFF7B8
:108BB400E3FE01304AD14FF0FF3004B0BDE8F08746
:108BC400236843F0200323607827324884F84570F3
:108BD400236831681F0651F8045B02D45F0648BF5E
:108BE400ADB23160D90744BF43F0200323601DB107
:108BF4001023ADE72648E9E7236823F02003236028
:108C0400F6E71646BDE733682568181D61693060CC
:108C14002E061B6801D5196002E06806FBD5198091
:108C2400002316462361BCE7336800211A1D326015
:108C34001E686268304600F05BF908B1801B606012
:108C440063682361002384F84330AAE73246494627
:108C540040462369D0470130ADD023689B0713D425
:108C6400E068039B9842B8BF1846A6E70123324642
:108C740049464046D04701309DD00135E368039909
:108C84005B1AAB42F2DCEBE7002504F11906F5E7C9
:108C94000590000816900008B1F90C20F8B51607E5
:108CA40005460C4654D44B68002B02DC0B6C002B9D
:108CB40048DDE66A002E45D0002312F480522F6866
:108CC400216A2B6030D0626DA389590705D563688A
:108CD400D21A636B0BB1236CD21A00232846E66ABE
:108CE400216AB047431CA38906D129681D292BD8C2
:108CF400284ACA40D60727D5002262602269D904CF
:108D0400226004D5421C01D12B6803B96065616BF4
:108D14002F60B9B104F14403994202D02846FFF709
:108D2400A3FC002363630DE001232846B0470246F9
:108D3400501CC9D12B68002BC6D01D2B01D0162B7B
:108D44001DD12F60002021E043F040031BB21AE044
:108D54000F69002FF6D0930718BF00230E6808BFD1
:108D64004B69F61B0F608B60002EEBDD33463A46F1
:108D74002846216AD4F828C0E047002807DCB4F963
:108D84000C3043F040034FF0FF30A381F8BD07449B
:108D9400361AE9E70100402038B50B6905460C4650
:108DA40013B90025284638BD18B1036A0BB9FFF77B
:108DB40051FAB4F90C30002BF3D0626ED00704D40E
:108DC400990502D4A06DFFF74CFC28462146FFF715
:108DD40063FF636E0546DA07E4D4A3899B05E1D4F7
:108DE400A06DFFF73FFCDDE770B50C46B1F90E103E
:108DF400154600291E4696B00CDAA389002113F00B
:108E0400800F14BF40234FF48063002031602B6037
:108E140016B070BD6A4600F049F80028EDDB0199F0
:108E240001F47041A1F50053594259414FF4806354
:108E3400EBE78B89F7B59D0706460C4607D504F189
:108E44004703236023610123636103B0F0BD6A46D5
:108E540001ABFFF7C9FF009F054639463046FFF7CF
:108E6400E1F848B9B4F90C309A05EED423F00303C1
:108E740043F00203A381E2E7A389C4E9040743F0B2
:108E84008003A381019B20605BB13046B4F90E10CE
:108E940000F01EF828B1A38923F0030343F0010373
:108EA400A381A3891D43A581CFE7000038B5002322
:108EB400064D0446084611462B60F8F75BF8431C40
:108EC40002D12B6803B1236038BD00BF3C1E0020D3
:108ED40038B50023054D044608462B60F8F759F8C9
:108EE400431C02D12B6803B1236038BD3C1E002013
:108EF400034610B5C9B202449342184601D100207A
:108F040003E0047801338C42F6D110BDF8B500BFFC
:108F1400F8BC08BC9E467047F8B500BFF8BC08BC56
:048F24009E467047AE
:108F280054583A253032782025303278202530328E
:108F38007820253032782025303278202530327854
:108F4800202530327820253032780D0A00000000C4
:108F580043414E20746573740D00000052583A2541
:108F6800303278202530327820253032782025306C
:108F7800327820253032782025303278202530325A
:108F88007820253032780D0A0000000053544D3304
:108F980032205669727475616C20436F6D506F7220
:108FA8007400000053544D6963726F656C65637497
:108FB800726F6E696373000043444320436F6E66AB
:108FC8006967000043444320496E746572666163B3
:108FD800650000000000000000000000010203041A
:108FE800060708090000000001020304232D302BA6
:108FF8002000686C4C006566674546470030313292
:1090080033343536373839414243444546003031E8
:109018003233343536373839616263646566000047
:08902800CC71FF7F0100000084
:04903000A90100088A
:0490340085010008AA
:109038000024F40010000000010000000A060002ED
:109048000000004001000000295F00081F600008C0
:109058008D60000800000000CF620008D36100089E
:109068007962000800000000000000000000000015
:109078003D6300081D6300085D6300087D63000808
:1090880009024300020100C0320904000001020283
:109098000100052400100105240100010424020236
:1090A80005240600010705820308001009040100D1
:1090B800020A0000000705010200020007058102FC
:1090C8000002000009024300020100C03209040046
:1090D800000102020100052400100105240100011D
:1090E8000424020205240600010705820308001073
:1090F80009040100020A00000007050102400000FF
:10910800070581024000000009074300020104C06E
:1091180032090400000102020100052400100105C3
:109128002401000104240202052406000107058227
:109138000308001009040100020A000000070501E5
:109148000240000007058102400000007576000813
:109158009D760008AD7600086977000891770008C9
:10916800B577000815780008D97700083D78000819
:10917800617800089D780008120100020202004090
:10918800830440570002010203010000040309049C
:109198001A030000000000000000000000000000AA
:1091A80000000000000000000000000000000000B7
:1091B80003000000001D00208C01002000000000BA
:1091C800001D0020681D0020D01D002000000000A8
:1091D8000000000000000000000000000000000087
:1091E8000000000000000000000000000000000077
:1091F8000000000000000000000000000000000067
:0892080000000000000000005E
:040000050800103DA2
:00000001FF
